package,session_id,window,split,n_active_nodes,n_edges,events_kept,reconstruction_error
ch.hgdev.toposuite,05e3f19e2717_llm_s1,0,train,2,1,224,0.6965758800506592
ch.hgdev.toposuite,05e3f19e2717_llm_s1,1,train,2,1,224,0.6965758800506592
ch.hgdev.toposuite,05e3f19e2717_llm_s1,2,train,2,1,224,0.6965758800506592
ch.hgdev.toposuite,05e3f19e2717_llm_s1,3,train,2,1,224,0.6965758800506592
ch.hgdev.toposuite,05e3f19e2717_llm_s1,4,train,2,1,224,0.06696628034114838
ch.hgdev.toposuite,05e3f19e2717_llm_s1,5,train,2,1,224,0.6965758800506592
ch.hgdev.toposuite,05e3f19e2717_llm_s1,6,train,2,1,224,0.6965758800506592
ch.hgdev.toposuite,05e3f19e2717_llm_s3,0,train,2,1,224,0.6965758800506592
ch.hgdev.toposuite,05e3f19e2717_llm_s3,1,train,2,1,224,0.6965758800506592
ch.hgdev.toposuite,05e3f19e2717_llm_s3,2,train,2,1,224,0.6965758800506592
ch.hgdev.toposuite,05e3f19e2717_llm_s3,3,train,2,1,224,0.07452776283025742
ch.hgdev.toposuite,05e3f19e2717_llm_s3,4,train,2,1,224,0.07592158764600754
ch.hgdev.toposuite,05e3f19e2717_llm_s3,5,train,2,1,224,0.6965758800506592
ch.hgdev.toposuite,05e3f19e2717_llm_s3,6,train,2,1,224,0.07519801706075668
ca.rmen.nounours,0e7da7b17b63_llm_s1,0,test,2,2,474,0.6965758800506592
ca.rmen.nounours,0e7da7b17b63_llm_s1,1,test,2,2,474,0.6965758800506592
ca.rmen.nounours,0e7da7b17b63_llm_s1,2,test,2,2,474,0.3482879400253296
ca.rmen.nounours,0e7da7b17b63_llm_s1,3,test,2,2,474,0.6965758800506592
ca.rmen.nounours,0e7da7b17b63_llm_s1,4,test,2,2,474,0.3482879400253296
ca.rmen.nounours,0e7da7b17b63_llm_s1,5,test,2,2,474,0.3482879400253296
ca.rmen.nounours,0e7da7b17b63_llm_s1,6,test,2,2,474,0.6965758800506592
ca.rmen.nounours,0e7da7b17b63_llm_s1,7,test,2,2,474,0.6965758800506592
ca.rmen.nounours,0e7da7b17b63_llm_s1,8,test,2,2,474,0.6965758800506592
ca.rmen.nounours,0e7da7b17b63_llm_s1,9,test,2,2,474,0.6965758800506592
ca.rmen.nounours,0e7da7b17b63_llm_s1,10,test,2,2,474,0.6965758800506592
ca.rmen.nounours,0e7da7b17b63_llm_s2,0,test,2,2,661,0.6965758800506592
ca.rmen.nounours,0e7da7b17b63_llm_s2,1,test,2,2,661,0.3482879400253296
ca.rmen.nounours,0e7da7b17b63_llm_s2,2,test,2,2,661,0.6965758800506592
ca.rmen.nounours,0e7da7b17b63_llm_s2,3,test,2,2,661,0.6965758800506592
ca.rmen.nounours,0e7da7b17b63_llm_s2,4,test,2,2,661,0.6965758800506592
ca.rmen.nounours,0e7da7b17b63_llm_s2,5,test,2,2,661,0.6965758800506592
ca.rmen.nounours,0e7da7b17b63_llm_s2,6,test,2,2,661,0.3482879400253296
ca.rmen.nounours,0e7da7b17b63_llm_s2,7,test,2,2,661,0.6965758800506592
ca.rmen.nounours,0e7da7b17b63_llm_s2,8,test,2,2,661,0.6965758800506592
ca.rmen.nounours,0e7da7b17b63_llm_s2,9,test,2,2,661,0.6965758800506592
ca.rmen.nounours,0e7da7b17b63_llm_s2,10,test,2,2,661,0.4435621201992035
ca.rmen.nounours,0e7da7b17b63_llm_s3,0,test,2,2,498,0.3482879400253296
ca.rmen.nounours,0e7da7b17b63_llm_s3,1,test,2,2,498,0.3482879400253296
ca.rmen.nounours,0e7da7b17b63_llm_s3,2,test,2,2,498,0.6965758800506592
ca.rmen.nounours,0e7da7b17b63_llm_s3,3,test,2,2,498,0.6965758800506592
ca.rmen.nounours,0e7da7b17b63_llm_s3,4,test,2,2,498,0.6965758800506592
ca.rmen.nounours,0e7da7b17b63_llm_s3,5,test,2,2,498,0.6965758800506592
ca.rmen.nounours,0e7da7b17b63_llm_s3,6,test,2,2,498,0.6965758800506592
ca.rmen.nounours,0e7da7b17b63_llm_s3,7,test,2,2,498,0.6965758800506592
ca.rmen.nounours,0e7da7b17b63_llm_s3,8,test,2,2,498,0.6965758800506592
ca.rmen.nounours,0e7da7b17b63_llm_s3,9,test,2,2,498,0.4686230421066284
app.ladefuchs.android,0f0dc4577a45_llm_s1,0,test,2,1,106,-0.0
app.ladefuchs.android,0f0dc4577a45_llm_s1,1,test,2,1,106,0.6965758800506592
app.ladefuchs.android,0f0dc4577a45_llm_s1,2,test,2,1,106,0.6965758800506592
app.ladefuchs.android,0f0dc4577a45_llm_s1,3,test,2,1,106,0.6965758800506592
app.ladefuchs.android,0f0dc4577a45_llm_s1,4,test,3,3,106,0.46438392996788025
app.ladefuchs.android,0f0dc4577a45_llm_s2,0,test,2,1,101,0.6965758800506592
app.ladefuchs.android,0f0dc4577a45_llm_s2,1,test,2,1,101,0.6965758800506592
app.ladefuchs.android,0f0dc4577a45_llm_s2,2,test,2,1,101,0.6965758800506592
app.ladefuchs.android,0f0dc4577a45_llm_s2,3,test,3,3,101,0.23219196498394012
app.ladefuchs.android,0f0dc4577a45_llm_s2,4,test,3,3,101,0.6965758800506592
app.ladefuchs.android,0f0dc4577a45_llm_s3,0,test,2,1,113,0.6965758800506592
app.ladefuchs.android,0f0dc4577a45_llm_s3,1,test,2,1,113,0.6965758800506592
app.ladefuchs.android,0f0dc4577a45_llm_s3,2,test,2,1,113,0.6965758800506592
app.ladefuchs.android,0f0dc4577a45_llm_s3,3,test,2,1,113,0.6965758800506592
app.ladefuchs.android,0f0dc4577a45_llm_s3,4,test,3,3,113,0.23219196498394012
app.ladefuchs.android,0f0dc4577a45_llm_s3,5,test,3,3,113,0.6965758800506592
ch.joshuah.bibleverseapp,18aff8885c8c_llm_s1,0,test,2,2,74,0.3482879400253296
ch.joshuah.bibleverseapp,18aff8885c8c_llm_s1,1,test,2,2,74,0.6965758800506592
ch.joshuah.bibleverseapp,18aff8885c8c_llm_s1,2,test,2,2,74,0.6965758800506592
ch.joshuah.bibleverseapp,18aff8885c8c_llm_s1,3,test,2,2,74,0.6965758800506592
ch.joshuah.bibleverseapp,18aff8885c8c_llm_s1,4,test,2,2,74,0.45096540451049805
ch.joshuah.bibleverseapp,18aff8885c8c_llm_s1,5,test,2,2,74,0.6965758800506592
ch.joshuah.bibleverseapp,18aff8885c8c_llm_s1,6,test,2,2,74,0.6965758800506592
ch.joshuah.bibleverseapp,18aff8885c8c_llm_s1,7,test,2,2,74,0.6965758800506592
ch.joshuah.bibleverseapp,18aff8885c8c_llm_s1,8,test,2,2,74,0.4874359965324402
ch.joshuah.bibleverseapp,18aff8885c8c_llm_s2,0,test,2,2,74,0.6965758800506592
ch.joshuah.bibleverseapp,18aff8885c8c_llm_s2,1,test,2,2,74,0.6965758800506592
ch.joshuah.bibleverseapp,18aff8885c8c_llm_s2,2,test,2,2,74,0.6965758800506592
ch.joshuah.bibleverseapp,18aff8885c8c_llm_s2,3,test,2,2,74,0.6965758800506592
ch.joshuah.bibleverseapp,18aff8885c8c_llm_s2,4,test,2,2,74,0.4511999189853668
ch.joshuah.bibleverseapp,18aff8885c8c_llm_s2,5,test,2,2,74,0.6965758800506592
ch.joshuah.bibleverseapp,18aff8885c8c_llm_s2,6,test,2,2,74,0.48534542322158813
ch.joshuah.bibleverseapp,18aff8885c8c_llm_s2,7,test,2,2,74,0.4865777790546417
ch.joshuah.bibleverseapp,18aff8885c8c_llm_s3,0,test,2,2,80,0.6965758800506592
ch.joshuah.bibleverseapp,18aff8885c8c_llm_s3,1,test,2,2,80,0.6965758800506592
ch.joshuah.bibleverseapp,18aff8885c8c_llm_s3,2,test,2,2,80,0.6965758800506592
ch.joshuah.bibleverseapp,18aff8885c8c_llm_s3,3,test,2,2,80,0.3777907192707062
ch.joshuah.bibleverseapp,18aff8885c8c_llm_s3,4,test,2,2,80,0.6965758800506592
ch.joshuah.bibleverseapp,18aff8885c8c_llm_s3,5,test,2,2,80,0.6965758800506592
ch.joshuah.bibleverseapp,18aff8885c8c_llm_s3,6,test,2,2,80,0.6965758800506592
ch.joshuah.bibleverseapp,18aff8885c8c_llm_s3,7,test,2,2,80,0.6965758800506592
ch.joshuah.bibleverseapp,18aff8885c8c_llm_s3,8,test,2,2,80,0.6965758800506592
ch.joshuah.bibleverseapp,18aff8885c8c_llm_s3,9,test,2,2,80,0.6965758800506592
app.udderance,2074fc55fb78_llm_s1,0,train,2,1,170,-0.0
app.udderance,2074fc55fb78_llm_s1,1,train,2,1,170,0.6965758800506592
app.udderance,2074fc55fb78_llm_s1,2,train,2,1,170,0.6965758800506592
app.udderance,2074fc55fb78_llm_s1,3,train,2,1,170,0.6965758800506592
app.udderance,2074fc55fb78_llm_s1,4,train,2,1,170,0.6965758800506592
app.udderance,2074fc55fb78_llm_s1,5,train,2,1,170,0.6965758800506592
app.udderance,2074fc55fb78_llm_s1,6,train,3,1,170,0.6965758800506592
app.udderance,2074fc55fb78_llm_s2,0,train,2,1,169,0.6965758800506592
app.udderance,2074fc55fb78_llm_s2,1,train,2,1,169,0.6965758800506592
app.udderance,2074fc55fb78_llm_s2,2,train,2,1,169,0.6965758800506592
app.udderance,2074fc55fb78_llm_s2,3,train,2,1,169,0.6965758800506592
app.udderance,2074fc55fb78_llm_s2,4,train,2,1,169,-0.0
app.udderance,2074fc55fb78_llm_s2,5,train,2,1,169,0.6965758800506592
app.udderance,2074fc55fb78_llm_s2,6,train,2,1,169,0.6965758800506592
app.udderance,2074fc55fb78_llm_s2,7,train,3,1,169,0.6965758800506592
app.udderance,2074fc55fb78_llm_s3,0,train,2,1,170,0.6965758800506592
app.udderance,2074fc55fb78_llm_s3,1,train,2,1,170,0.6965758800506592
app.udderance,2074fc55fb78_llm_s3,2,train,2,1,170,0.6965758800506592
app.udderance,2074fc55fb78_llm_s3,3,train,2,1,170,0.6965758800506592
app.udderance,2074fc55fb78_llm_s3,4,train,2,1,170,-0.0
app.udderance,2074fc55fb78_llm_s3,5,train,2,1,170,-0.0
app.udderance,2074fc55fb78_llm_s3,6,train,2,1,170,0.6965758800506592
app.udderance,2074fc55fb78_llm_s3,7,train,3,1,170,0.6951149702072144
cat.jordihernandez.cinecat,24e9101cdb34_llm_s1,0,train,2,2,42,0.6965758800506592
cat.jordihernandez.cinecat,24e9101cdb34_llm_s1,1,train,2,2,42,0.3482879400253296
cat.jordihernandez.cinecat,24e9101cdb34_llm_s1,2,train,2,2,42,0.6965758800506592
cat.jordihernandez.cinecat,24e9101cdb34_llm_s1,3,train,2,2,42,0.6965758800506592
cat.jordihernandez.cinecat,24e9101cdb34_llm_s1,4,train,2,2,42,0.6965758800506592
cat.jordihernandez.cinecat,24e9101cdb34_llm_s1,5,train,2,2,42,0.3483569920063019
cat.jordihernandez.cinecat,24e9101cdb34_llm_s1,6,train,2,2,42,0.6965758800506592
cat.jordihernandez.cinecat,24e9101cdb34_llm_s2,0,train,2,2,42,0.6965758800506592
cat.jordihernandez.cinecat,24e9101cdb34_llm_s2,1,train,2,2,42,0.3482879400253296
cat.jordihernandez.cinecat,24e9101cdb34_llm_s2,2,train,2,2,42,0.6965758800506592
cat.jordihernandez.cinecat,24e9101cdb34_llm_s2,3,train,2,2,42,0.3788749873638153
cat.jordihernandez.cinecat,24e9101cdb34_llm_s2,4,train,2,2,42,0.6965758800506592
cat.jordihernandez.cinecat,24e9101cdb34_llm_s2,5,train,2,2,42,0.6965758800506592
cat.jordihernandez.cinecat,24e9101cdb34_llm_s2,6,train,2,2,42,0.6965758800506592
cat.jordihernandez.cinecat,24e9101cdb34_llm_s3,0,train,2,2,42,0.6965758800506592
cat.jordihernandez.cinecat,24e9101cdb34_llm_s3,1,train,2,2,42,0.6965758800506592
cat.jordihernandez.cinecat,24e9101cdb34_llm_s3,2,train,2,2,42,0.6965758800506592
cat.jordihernandez.cinecat,24e9101cdb34_llm_s3,3,train,2,2,42,0.37419500946998596
cat.jordihernandez.cinecat,24e9101cdb34_llm_s3,4,train,2,2,42,0.3482879400253296
cat.jordihernandez.cinecat,24e9101cdb34_llm_s3,5,train,2,2,42,0.6965758800506592
cat.jordihernandez.cinecat,24e9101cdb34_llm_s3,6,train,2,2,42,0.6965758800506592
ca.farrelltonsolar.classic,2d767cdb301f_llm_s1,0,train,3,5,134,0.6965758800506592
ca.farrelltonsolar.classic,2d767cdb301f_llm_s1,1,train,3,5,134,0.5572606921195984
ca.farrelltonsolar.classic,2d767cdb301f_llm_s1,2,train,3,5,134,0.5572606921195984
ca.farrelltonsolar.classic,2d767cdb301f_llm_s1,3,train,3,5,134,0.41794553399086
ca.farrelltonsolar.classic,2d767cdb301f_llm_s1,4,train,3,5,134,0.2786305546760559
ca.farrelltonsolar.classic,2d767cdb301f_llm_s2,0,train,3,5,138,0.41794553399086
ca.farrelltonsolar.classic,2d767cdb301f_llm_s2,1,train,3,5,138,7.186385154724121
ca.farrelltonsolar.classic,2d767cdb301f_llm_s2,2,train,3,5,138,0.5572606921195984
ca.farrelltonsolar.classic,2d767cdb301f_llm_s2,3,train,3,5,138,0.41794553399086
ca.farrelltonsolar.classic,2d767cdb301f_llm_s2,4,train,3,5,138,0.5572606921195984
ca.farrelltonsolar.classic,2d767cdb301f_llm_s2,5,train,3,5,138,0.41794553399086
ca.farrelltonsolar.classic,2d767cdb301f_llm_s3,0,train,3,5,130,0.41794553399086
ca.farrelltonsolar.classic,2d767cdb301f_llm_s3,1,train,3,5,130,0.6965758800506592
ca.farrelltonsolar.classic,2d767cdb301f_llm_s3,2,train,3,5,130,0.5572606921195984
ca.farrelltonsolar.classic,2d767cdb301f_llm_s3,3,train,3,5,130,0.6965758800506592
ca.farrelltonsolar.classic,2d767cdb301f_llm_s3,4,train,3,5,130,0.41794553399086
anonvpn.anon_next.android,2f4839ccdb6e_llm_s1,0,test,3,2,24,0.6965758800506592
anonvpn.anon_next.android,2f4839ccdb6e_llm_s1,1,test,4,4,24,0.5224319100379944
anonvpn.anon_next.android,2f4839ccdb6e_llm_s1,2,test,4,4,24,0.3202933073043823
anonvpn.anon_next.android,2f4839ccdb6e_llm_s1,3,test,4,4,24,0.504834771156311
anonvpn.anon_next.android,2f4839ccdb6e_llm_s1,4,test,4,4,24,0.6973153352737427
anonvpn.anon_next.android,2f4839ccdb6e_llm_s1,5,test,4,4,24,0.5239773988723755
anonvpn.anon_next.android,2f4839ccdb6e_llm_s1,6,test,4,4,24,0.3757743537425995
anonvpn.anon_next.android,2f4839ccdb6e_llm_s2,0,test,3,2,21,17.61767578125
anonvpn.anon_next.android,2f4839ccdb6e_llm_s2,1,test,4,4,21,0.6965758800506592
anonvpn.anon_next.android,2f4839ccdb6e_llm_s2,2,test,4,4,21,0.5224531292915344
anonvpn.anon_next.android,2f4839ccdb6e_llm_s2,3,test,4,4,21,0.5225282311439514
anonvpn.anon_next.android,2f4839ccdb6e_llm_s2,4,test,4,4,21,0.5237870216369629
anonvpn.anon_next.android,2f4839ccdb6e_llm_s2,5,test,4,4,21,0.6965758800506592
anonvpn.anon_next.android,2f4839ccdb6e_llm_s3,0,test,3,2,23,0.6965758800506592
anonvpn.anon_next.android,2f4839ccdb6e_llm_s3,1,test,4,4,23,0.5224319100379944
anonvpn.anon_next.android,2f4839ccdb6e_llm_s3,2,test,4,4,23,0.6965758800506592
anonvpn.anon_next.android,2f4839ccdb6e_llm_s3,3,test,4,4,23,0.6965758800506592
anonvpn.anon_next.android,2f4839ccdb6e_llm_s3,4,test,4,4,23,0.1742417812347412
anonvpn.anon_next.android,2f4839ccdb6e_llm_s3,5,test,4,4,23,0.5230477452278137
app.fedilab.nitterizemelite,30ae40611f5f_llm_s1,0,train,2,1,199,0.6965758800506592
app.fedilab.nitterizemelite,30ae40611f5f_llm_s1,1,train,2,2,199,0.6965758800506592
app.fedilab.nitterizemelite,30ae40611f5f_llm_s1,2,train,2,2,199,0.6965758800506592
app.fedilab.nitterizemelite,30ae40611f5f_llm_s1,3,train,2,2,199,0.35897114872932434
app.fedilab.nitterizemelite,30ae40611f5f_llm_s1,4,train,2,2,199,0.4701511263847351
app.fedilab.nitterizemelite,30ae40611f5f_llm_s2,0,train,2,1,199,0.6965758800506592
app.fedilab.nitterizemelite,30ae40611f5f_llm_s2,1,train,2,2,199,0.3482879400253296
app.fedilab.nitterizemelite,30ae40611f5f_llm_s2,2,train,2,2,199,0.34828853607177734
app.fedilab.nitterizemelite,30ae40611f5f_llm_s2,3,train,2,2,199,0.6965758800506592
app.fedilab.nitterizemelite,30ae40611f5f_llm_s3,0,train,2,1,199,0.6965758800506592
app.fedilab.nitterizemelite,30ae40611f5f_llm_s3,1,train,2,2,199,0.6965758800506592
app.fedilab.nitterizemelite,30ae40611f5f_llm_s3,2,train,2,2,199,0.6965758800506592
app.fedilab.nitterizemelite,30ae40611f5f_llm_s3,3,train,2,2,199,0.6965758800506592
app.fedilab.nitterizemelite,30ae40611f5f_llm_s3,4,train,2,2,199,0.6965758800506592
app.michaelwuensch.bitbanana,36bdbc1733f0_llm_s1,0,test,3,4,1941,0.5224319100379944
app.michaelwuensch.bitbanana,36bdbc1733f0_llm_s1,1,test,3,5,1941,0.6965758800506592
app.michaelwuensch.bitbanana,36bdbc1733f0_llm_s1,2,test,3,5,1941,0.5572606921195984
app.michaelwuensch.bitbanana,36bdbc1733f0_llm_s1,3,test,3,5,1941,0.5572606921195984
app.michaelwuensch.bitbanana,36bdbc1733f0_llm_s1,4,test,3,5,1941,0.5572606921195984
app.michaelwuensch.bitbanana,36bdbc1733f0_llm_s1,5,test,3,5,1941,0.6965758800506592
app.michaelwuensch.bitbanana,36bdbc1733f0_llm_s1,6,test,3,5,1941,0.6965758800506592
app.michaelwuensch.bitbanana,36bdbc1733f0_llm_s1,7,test,3,5,1941,0.2786303460597992
app.michaelwuensch.bitbanana,36bdbc1733f0_llm_s1,8,test,3,5,1941,0.5572606921195984
app.michaelwuensch.bitbanana,36bdbc1733f0_llm_s1,9,test,3,5,1941,0.5572606921195984
app.michaelwuensch.bitbanana,36bdbc1733f0_llm_s2,0,test,3,5,1941,0.6965758800506592
app.michaelwuensch.bitbanana,36bdbc1733f0_llm_s2,1,test,3,5,1941,0.5572606921195984
app.michaelwuensch.bitbanana,36bdbc1733f0_llm_s2,2,test,3,5,1941,0.5572606921195984
app.michaelwuensch.bitbanana,36bdbc1733f0_llm_s2,3,test,3,5,1941,0.5572606921195984
app.michaelwuensch.bitbanana,36bdbc1733f0_llm_s2,4,test,3,5,1941,0.41794553399086
app.michaelwuensch.bitbanana,36bdbc1733f0_llm_s2,5,test,3,5,1941,0.5572606921195984
app.michaelwuensch.bitbanana,36bdbc1733f0_llm_s2,6,test,3,5,1941,0.6965758800506592
app.michaelwuensch.bitbanana,36bdbc1733f0_llm_s2,7,test,3,5,1941,0.1393151730298996
app.michaelwuensch.bitbanana,36bdbc1733f0_llm_s2,8,test,3,5,1941,0.5572606921195984
app.michaelwuensch.bitbanana,36bdbc1733f0_llm_s2,9,test,3,5,1941,0.5572606921195984
app.michaelwuensch.bitbanana,36bdbc1733f0_llm_s3,0,test,3,5,1941,0.41794553399086
app.michaelwuensch.bitbanana,36bdbc1733f0_llm_s3,1,test,3,5,1941,0.41794553399086
app.michaelwuensch.bitbanana,36bdbc1733f0_llm_s3,2,test,3,5,1941,0.41794553399086
app.michaelwuensch.bitbanana,36bdbc1733f0_llm_s3,3,test,3,5,1941,0.1393151730298996
app.michaelwuensch.bitbanana,36bdbc1733f0_llm_s3,4,test,3,5,1941,0.6965758800506592
app.michaelwuensch.bitbanana,36bdbc1733f0_llm_s3,5,test,3,5,1941,0.5572606921195984
app.michaelwuensch.bitbanana,36bdbc1733f0_llm_s3,6,test,3,5,1941,0.6965758800506592
app.michaelwuensch.bitbanana,36bdbc1733f0_llm_s3,7,test,3,5,1941,0.5572606921195984
app.michaelwuensch.bitbanana,36bdbc1733f0_llm_s3,8,test,3,5,1941,0.2786303460597992
app.michaelwuensch.bitbanana,36bdbc1733f0_llm_s3,9,test,3,5,1941,0.5572606921195984
be.digitalia.fosdem,37b1a8bb28b9_llm_s1,0,train,2,1,46,0.6965758800506592
be.digitalia.fosdem,37b1a8bb28b9_llm_s1,1,train,2,1,46,0.0007753993268124759
be.digitalia.fosdem,37b1a8bb28b9_llm_s1,2,train,2,1,46,0.6965758800506592
be.digitalia.fosdem,37b1a8bb28b9_llm_s1,3,train,2,2,46,0.6965758800506592
be.digitalia.fosdem,37b1a8bb28b9_llm_s1,4,train,2,2,46,0.6965758800506592
be.digitalia.fosdem,37b1a8bb28b9_llm_s1,5,train,2,2,46,0.6965758800506592
be.digitalia.fosdem,37b1a8bb28b9_llm_s1,6,train,2,2,46,0.6965758800506592
be.digitalia.fosdem,37b1a8bb28b9_llm_s1,7,train,2,2,46,0.6965758800506592
be.digitalia.fosdem,37b1a8bb28b9_llm_s2,0,train,2,1,56,0.6965758800506592
be.digitalia.fosdem,37b1a8bb28b9_llm_s2,1,train,2,1,56,0.6965758800506592
be.digitalia.fosdem,37b1a8bb28b9_llm_s2,2,train,2,1,56,0.6965758800506592
be.digitalia.fosdem,37b1a8bb28b9_llm_s2,3,train,2,2,56,0.348287969827652
be.digitalia.fosdem,37b1a8bb28b9_llm_s2,4,train,2,2,56,0.34829702973365784
be.digitalia.fosdem,37b1a8bb28b9_llm_s2,5,train,2,2,56,0.6965758800506592
be.digitalia.fosdem,37b1a8bb28b9_llm_s2,6,train,2,2,56,0.6965758800506592
be.digitalia.fosdem,37b1a8bb28b9_llm_s2,7,train,2,2,56,0.6965758800506592
be.digitalia.fosdem,37b1a8bb28b9_llm_s3,0,train,2,1,44,0.6965758800506592
be.digitalia.fosdem,37b1a8bb28b9_llm_s3,1,train,2,1,44,0.00015790517500136048
be.digitalia.fosdem,37b1a8bb28b9_llm_s3,2,train,2,1,44,0.6965758800506592
be.digitalia.fosdem,37b1a8bb28b9_llm_s3,3,train,2,1,44,0.6965758800506592
be.digitalia.fosdem,37b1a8bb28b9_llm_s3,4,train,2,1,44,0.6965758800506592
be.digitalia.fosdem,37b1a8bb28b9_llm_s3,5,train,2,1,44,0.6965758800506592
be.digitalia.fosdem,37b1a8bb28b9_llm_s3,6,train,2,1,44,0.6965758800506592
bus.chio.wishmaster,39f811f07c23_llm_s1,0,test,2,1,52,0.6965758800506592
bus.chio.wishmaster,39f811f07c23_llm_s1,1,test,2,1,52,0.6965758800506592
bus.chio.wishmaster,39f811f07c23_llm_s2,0,test,2,1,52,0.6965758800506592
bus.chio.wishmaster,39f811f07c23_llm_s2,1,test,2,1,52,0.6965758800506592
bus.chio.wishmaster,39f811f07c23_llm_s3,0,test,2,1,52,0.6965758800506592
bus.chio.wishmaster,39f811f07c23_llm_s3,1,test,2,1,52,0.6965758800506592
app.comaps.fdroid,47d583fd8b06_llm_s1,0,train,3,5,160,0.5572606921195984
app.comaps.fdroid,47d583fd8b06_llm_s1,1,train,5,7,160,0.4065569341182709
app.comaps.fdroid,47d583fd8b06_llm_s1,2,train,5,8,160,0.5271267890930176
app.comaps.fdroid,47d583fd8b06_llm_s1,3,train,5,8,160,0.5598089694976807
app.comaps.fdroid,47d583fd8b06_llm_s1,4,train,5,8,160,5.574408531188965
app.comaps.fdroid,47d583fd8b06_llm_s2,0,train,3,5,148,0.5572606921195984
app.comaps.fdroid,47d583fd8b06_llm_s2,1,train,5,7,148,0.497554212808609
app.comaps.fdroid,47d583fd8b06_llm_s2,2,train,5,7,148,0.4990297257900238
app.comaps.fdroid,47d583fd8b06_llm_s2,3,train,5,7,148,0.6411839127540588
app.comaps.fdroid,47d583fd8b06_llm_s2,4,train,5,7,148,0.7069489359855652
app.comaps.fdroid,47d583fd8b06_llm_s3,0,train,3,5,157,0.5572606921195984
app.comaps.fdroid,47d583fd8b06_llm_s3,1,train,5,7,157,0.39804384112358093
app.comaps.fdroid,47d583fd8b06_llm_s3,2,train,5,7,157,0.5016912221908569
app.comaps.fdroid,47d583fd8b06_llm_s3,3,train,5,7,157,0.5557624697685242
app.comaps.fdroid,47d583fd8b06_llm_s3,4,train,5,7,157,0.7018473744392395
app.comaps.fdroid,47d583fd8b06_llm_s3,5,train,5,7,157,0.7197685241699219
app.organicmaps,4862fbeed029_llm_s1,0,test,3,4,145,0.5224319100379944
app.organicmaps,4862fbeed029_llm_s1,1,test,5,4,145,0.6965758800506592
app.organicmaps,4862fbeed029_llm_s1,2,test,5,4,145,0.526495635509491
app.organicmaps,4862fbeed029_llm_s1,3,test,5,5,145,0.6965758800506592
app.organicmaps,4862fbeed029_llm_s1,4,test,5,5,145,0.6965832114219666
app.organicmaps,4862fbeed029_llm_s1,5,test,5,5,145,0.5585142970085144
app.organicmaps,4862fbeed029_llm_s2,0,test,3,4,142,0.5224319100379944
app.organicmaps,4862fbeed029_llm_s2,1,test,5,4,142,0.3482879400253296
app.organicmaps,4862fbeed029_llm_s2,2,test,5,4,142,0.5246028304100037
app.organicmaps,4862fbeed029_llm_s2,3,test,5,5,142,0.5572611689567566
app.organicmaps,4862fbeed029_llm_s2,4,test,5,5,142,0.5577107667922974
app.organicmaps,4862fbeed029_llm_s3,0,test,3,4,142,0.5224319100379944
app.organicmaps,4862fbeed029_llm_s3,1,test,5,4,142,0.6965758800506592
app.organicmaps,4862fbeed029_llm_s3,2,test,5,4,142,0.5932106971740723
app.organicmaps,4862fbeed029_llm_s3,3,test,5,5,142,0.41797345876693726
app.organicmaps,4862fbeed029_llm_s3,4,test,5,5,142,0.6965758800506592
ac.robinson.mediaphone,497e019dc8a1_llm_s1,0,train,4,9,784,0.5417811870574951
ac.robinson.mediaphone,497e019dc8a1_llm_s1,1,train,4,9,784,0.5417811870574951
ac.robinson.mediaphone,497e019dc8a1_llm_s1,2,train,4,9,784,0.3869866132736206
ac.robinson.mediaphone,497e019dc8a1_llm_s1,3,train,4,9,784,0.5417811870574951
ac.robinson.mediaphone,497e019dc8a1_llm_s1,4,train,4,9,784,0.46438392996788025
ac.robinson.mediaphone,497e019dc8a1_llm_s1,5,train,4,9,784,0.46438392996788025
ac.robinson.mediaphone,497e019dc8a1_llm_s1,6,train,4,9,784,0.23219196498394012
ac.robinson.mediaphone,497e019dc8a1_llm_s1,7,train,4,9,784,0.3869866132736206
ac.robinson.mediaphone,497e019dc8a1_llm_s1,8,train,4,9,784,0.5417811870574951
ac.robinson.mediaphone,497e019dc8a1_llm_s2,0,train,4,9,760,0.6191785335540771
ac.robinson.mediaphone,497e019dc8a1_llm_s2,1,train,4,9,760,0.3869866132736206
ac.robinson.mediaphone,497e019dc8a1_llm_s2,2,train,4,9,760,0.3869866132736206
ac.robinson.mediaphone,497e019dc8a1_llm_s2,3,train,4,9,760,0.5417811870574951
ac.robinson.mediaphone,497e019dc8a1_llm_s2,4,train,4,9,760,0.3869866132736206
ac.robinson.mediaphone,497e019dc8a1_llm_s2,5,train,4,9,760,0.46438392996788025
ac.robinson.mediaphone,497e019dc8a1_llm_s2,6,train,4,9,760,0.6965758800506592
ac.robinson.mediaphone,497e019dc8a1_llm_s2,7,train,4,9,760,0.3869866132736206
ac.robinson.mediaphone,497e019dc8a1_llm_s3,0,train,4,9,1034,0.3095892667770386
ac.robinson.mediaphone,497e019dc8a1_llm_s3,1,train,4,9,1034,0.5417811870574951
ac.robinson.mediaphone,497e019dc8a1_llm_s3,2,train,4,9,1034,0.3869866132736206
ac.robinson.mediaphone,497e019dc8a1_llm_s3,3,train,4,9,1034,0.3869866132736206
ac.robinson.mediaphone,497e019dc8a1_llm_s3,4,train,4,9,1034,0.3869866132736206
ac.robinson.mediaphone,497e019dc8a1_llm_s3,5,train,4,9,1034,0.5417811870574951
ac.robinson.mediaphone,497e019dc8a1_llm_s3,6,train,4,9,1034,0.3095892667770386
ac.robinson.mediaphone,497e019dc8a1_llm_s3,7,train,4,9,1034,0.46438392996788025
ac.robinson.mediaphone,497e019dc8a1_llm_s3,8,train,4,9,1034,0.5417811870574951
at.mikenet.serbianlatintocyrillic,4b633ea030db_llm_s3,0,train,2,2,34,0.6965758800506592
at.mikenet.serbianlatintocyrillic,4b633ea030db_llm_s3,1,train,2,2,34,0.6965758800506592
at.mikenet.serbianlatintocyrillic,4b633ea030db_llm_s3,2,train,2,2,34,0.6965758800506592
at.mikenet.serbianlatintocyrillic,4b633ea030db_llm_s3,3,train,2,2,34,0.6965758800506592
at.mikenet.serbianlatintocyrillic,4b633ea030db_llm_s3,4,train,2,2,34,0.6965758800506592
at.mikenet.serbianlatintocyrillic,4b633ea030db_llm_s3,5,train,2,2,34,-0.0
app.fedilab.castlab,5719f3b34f71_llm_s1,0,train,3,1,69,0.6965758800506592
app.fedilab.castlab,5719f3b34f71_llm_s1,1,train,4,4,69,0.5275214910507202
app.fedilab.castlab,5719f3b34f71_llm_s1,2,train,4,4,69,0.5219826698303223
app.fedilab.castlab,5719f3b34f71_llm_s1,3,train,4,4,69,0.6754045486450195
app.fedilab.castlab,5719f3b34f71_llm_s1,4,train,4,4,69,0.5126079320907593
app.fedilab.castlab,5719f3b34f71_llm_s1,5,train,4,4,69,0.5224319100379944
app.fedilab.castlab,5719f3b34f71_llm_s1,6,train,4,4,69,0.6965758800506592
app.fedilab.castlab,5719f3b34f71_llm_s1,7,train,4,4,69,0.34832602739334106
app.fedilab.castlab,5719f3b34f71_llm_s2,0,train,3,2,92,0.6965758800506592
app.fedilab.castlab,5719f3b34f71_llm_s2,1,train,4,4,92,0.3482879400253296
app.fedilab.castlab,5719f3b34f71_llm_s2,2,train,4,4,92,0.5224319100379944
app.fedilab.castlab,5719f3b34f71_llm_s2,3,train,4,4,92,0.3482879400253296
app.fedilab.castlab,5719f3b34f71_llm_s2,4,train,4,4,92,0.3482879400253296
app.fedilab.castlab,5719f3b34f71_llm_s2,5,train,4,4,92,0.7010304927825928
app.fedilab.castlab,5719f3b34f71_llm_s2,6,train,4,4,92,0.1741439700126648
app.fedilab.castlab,5719f3b34f71_llm_s3,0,train,3,2,79,0.32657402753829956
app.fedilab.castlab,5719f3b34f71_llm_s3,1,train,4,6,79,0.46438392996788025
app.fedilab.castlab,5719f3b34f71_llm_s3,2,train,4,6,79,0.5430814623832703
app.fedilab.castlab,5719f3b34f71_llm_s3,3,train,4,6,79,0.48417988419532776
app.fedilab.castlab,5719f3b34f71_llm_s3,4,train,4,6,79,0.46441712975502014
app.fedilab.castlab,5719f3b34f71_llm_s3,5,train,4,6,79,0.6514773964881897
app.fedilab.castlab,5719f3b34f71_llm_s3,6,train,4,6,79,0.6552079916000366
app.fedilab.castlab,5719f3b34f71_llm_s3,7,train,4,6,79,0.23219196498394012
ca.rmen.android.frenchcalendar,5e76f97d0425_llm_s1,0,train,2,1,95,-0.0
ca.rmen.android.frenchcalendar,5e76f97d0425_llm_s1,1,train,2,1,95,0.6965758800506592
ca.rmen.android.frenchcalendar,5e76f97d0425_llm_s1,2,train,2,1,95,0.6965758800506592
ca.rmen.android.frenchcalendar,5e76f97d0425_llm_s1,3,train,2,1,95,0.6965758800506592
ca.rmen.android.frenchcalendar,5e76f97d0425_llm_s1,4,train,2,1,95,-0.0
ca.rmen.android.frenchcalendar,5e76f97d0425_llm_s1,5,train,2,1,95,0.6965758800506592
ca.rmen.android.frenchcalendar,5e76f97d0425_llm_s2,0,train,2,1,104,0.6965758800506592
ca.rmen.android.frenchcalendar,5e76f97d0425_llm_s2,1,train,2,1,104,0.6965758800506592
ca.rmen.android.frenchcalendar,5e76f97d0425_llm_s2,2,train,2,1,104,-0.0
ca.rmen.android.frenchcalendar,5e76f97d0425_llm_s2,3,train,2,1,104,0.6965758800506592
ca.rmen.android.frenchcalendar,5e76f97d0425_llm_s2,4,train,2,1,104,0.6965758800506592
ca.rmen.android.frenchcalendar,5e76f97d0425_llm_s2,5,train,2,1,104,0.6965758800506592
ca.rmen.android.frenchcalendar,5e76f97d0425_llm_s2,6,train,2,1,104,0.6965758800506592
ca.rmen.android.frenchcalendar,5e76f97d0425_llm_s3,0,train,2,1,103,0.6965758800506592
ca.rmen.android.frenchcalendar,5e76f97d0425_llm_s3,1,train,2,1,103,0.6965758800506592
ca.rmen.android.frenchcalendar,5e76f97d0425_llm_s3,2,train,2,1,103,0.6965758800506592
ca.rmen.android.frenchcalendar,5e76f97d0425_llm_s3,3,train,2,1,103,0.6965758800506592
ca.rmen.android.frenchcalendar,5e76f97d0425_llm_s3,4,train,2,1,103,0.6965758800506592
ca.rmen.android.frenchcalendar,5e76f97d0425_llm_s3,5,train,2,1,103,34.53877639770508
ca.rmen.android.frenchcalendar,5e76f97d0425_llm_s3,6,train,2,1,103,0.6965758800506592
app.tice.TICE.production,648d8ddb49f4_llm_s1,0,train,4,3,833,0.46438392996788025
app.tice.TICE.production,648d8ddb49f4_llm_s1,1,train,4,3,833,0.46438392996788025
app.tice.TICE.production,648d8ddb49f4_llm_s1,2,train,4,3,833,11.512925148010254
app.tice.TICE.production,648d8ddb49f4_llm_s1,3,train,4,3,833,0.6965758800506592
app.tice.TICE.production,648d8ddb49f4_llm_s1,4,train,4,3,833,0.46438392996788025
app.tice.TICE.production,648d8ddb49f4_llm_s1,5,train,4,3,833,0.46438392996788025
app.tice.TICE.production,648d8ddb49f4_llm_s1,6,train,4,3,833,0.46915748715400696
app.tice.TICE.production,648d8ddb49f4_llm_s2,0,train,4,3,780,0.6965758800506592
app.tice.TICE.production,648d8ddb49f4_llm_s2,1,train,4,3,780,0.46438392996788025
app.tice.TICE.production,648d8ddb49f4_llm_s2,2,train,4,3,780,11.979924201965332
app.tice.TICE.production,648d8ddb49f4_llm_s2,3,train,7,9,780,4.069833755493164
app.tice.TICE.production,648d8ddb49f4_llm_s2,4,train,7,9,780,4.224628448486328
app.tice.TICE.production,648d8ddb49f4_llm_s2,5,train,7,9,780,0.593966543674469
app.tice.TICE.production,648d8ddb49f4_llm_s2,6,train,7,9,780,0.7014541625976562
app.tice.TICE.production,648d8ddb49f4_llm_s2,7,train,7,9,780,0.9523674249649048
app.tice.TICE.production,648d8ddb49f4_llm_s3,0,train,4,3,892,0.4643840491771698
app.tice.TICE.production,648d8ddb49f4_llm_s3,1,train,4,3,892,0.23219196498394012
app.tice.TICE.production,648d8ddb49f4_llm_s3,2,train,4,3,892,0.6965758800506592
app.tice.TICE.production,648d8ddb49f4_llm_s3,3,train,4,3,892,0.46438392996788025
app.tice.TICE.production,648d8ddb49f4_llm_s3,4,train,4,3,892,0.46444734930992126
app.tice.TICE.production,648d8ddb49f4_llm_s3,5,train,4,3,892,0.46438392996788025
app.tice.TICE.production,648d8ddb49f4_llm_s3,6,train,4,3,892,0.7015983462333679
cc.kafuu.bilidownload,64de55f0293d_llm_s1,0,train,3,1,8,0.6965758800506592
cc.kafuu.bilidownload,64de55f0293d_llm_s1,1,train,3,1,8,0.6965758800506592
cc.kafuu.bilidownload,64de55f0293d_llm_s2,0,train,3,1,8,0.6965758800506592
cc.kafuu.bilidownload,64de55f0293d_llm_s2,1,train,3,1,8,0.6965758800506592
cc.kafuu.bilidownload,64de55f0293d_llm_s3,0,train,3,1,8,0.6965758800506592
cc.kafuu.bilidownload,64de55f0293d_llm_s3,1,train,3,1,8,0.6965758800506592
ai.susi,6f8510108099_llm_s1,0,train,6,12,401,0.23219196498394012
ai.susi,6f8510108099_llm_s1,1,train,6,12,401,6.220846652984619
ai.susi,6f8510108099_llm_s1,2,train,6,12,401,0.29023995995521545
ai.susi,6f8510108099_llm_s1,3,train,6,12,401,0.4063359200954437
ai.susi,6f8510108099_llm_s1,4,train,6,12,401,0.23219196498394012
ai.susi,6f8510108099_llm_s1,5,train,6,12,401,3.168471097946167
ai.susi,6f8510108099_llm_s1,6,train,6,12,401,0.46438392996788025
ai.susi,6f8510108099_llm_s2,0,train,6,12,408,0.29023995995521545
ai.susi,6f8510108099_llm_s2,1,train,6,14,408,0.3482879102230072
ai.susi,6f8510108099_llm_s2,2,train,6,14,408,2.7655880451202393
ai.susi,6f8510108099_llm_s2,3,train,6,14,408,0.4477987587451935
ai.susi,6f8510108099_llm_s2,4,train,6,14,408,0.39804336428642273
ai.susi,6f8510108099_llm_s2,5,train,6,14,408,0.39804336428642273
ai.susi,6f8510108099_llm_s2,6,train,6,14,408,0.3482879102230072
ai.susi,6f8510108099_llm_s2,7,train,6,14,408,0.34828805923461914
ai.susi,6f8510108099_llm_s3,0,train,6,12,421,0.3482879400253296
ai.susi,6f8510108099_llm_s3,1,train,6,12,421,0.1741439700126648
ai.susi,6f8510108099_llm_s3,2,train,6,20,421,0.4527743458747864
ai.susi,6f8510108099_llm_s3,3,train,6,20,421,2.110055446624756
ai.susi,6f8510108099_llm_s3,4,train,6,20,421,0.4527743458747864
ai.susi,6f8510108099_llm_s3,5,train,6,23,421,0.4240027368068695
ai.susi,6f8510108099_llm_s3,6,train,6,23,421,0.4845745265483856
ai.susi,6f8510108099_llm_s3,7,train,6,23,421,0.4542886018753052
ai.susi,6f8510108099_llm_s3,8,train,6,23,421,0.33314499258995056
barilyuk.batterytemperature,75dd71ae0f0a_llm_s1,0,train,4,10,692,0.6269182562828064
barilyuk.batterytemperature,75dd71ae0f0a_llm_s1,1,train,4,10,692,0.5572606921195984
barilyuk.batterytemperature,75dd71ae0f0a_llm_s1,2,train,4,10,692,0.6269182562828064
barilyuk.batterytemperature,75dd71ae0f0a_llm_s1,3,train,4,10,692,0.5572606921195984
barilyuk.batterytemperature,75dd71ae0f0a_llm_s1,4,train,4,10,692,0.487603098154068
barilyuk.batterytemperature,75dd71ae0f0a_llm_s1,5,train,4,10,692,0.487603098154068
barilyuk.batterytemperature,75dd71ae0f0a_llm_s1,6,train,4,10,692,0.6269182562828064
barilyuk.batterytemperature,75dd71ae0f0a_llm_s1,7,train,4,10,692,0.5572606921195984
barilyuk.batterytemperature,75dd71ae0f0a_llm_s1,8,train,4,10,692,0.5572606921195984
barilyuk.batterytemperature,75dd71ae0f0a_llm_s1,9,train,4,10,692,0.5572606921195984
barilyuk.batterytemperature,75dd71ae0f0a_llm_s1,10,train,4,10,692,0.5572606921195984
barilyuk.batterytemperature,75dd71ae0f0a_llm_s1,11,train,4,10,692,3.7325081825256348
barilyuk.batterytemperature,75dd71ae0f0a_llm_s1,12,train,4,10,692,0.3482879400253296
barilyuk.batterytemperature,75dd71ae0f0a_llm_s2,0,train,4,10,696,0.487603098154068
barilyuk.batterytemperature,75dd71ae0f0a_llm_s2,1,train,4,10,696,3.8718228340148926
barilyuk.batterytemperature,75dd71ae0f0a_llm_s2,2,train,4,10,696,0.2786303460597992
barilyuk.batterytemperature,75dd71ae0f0a_llm_s2,3,train,4,10,696,0.5572606921195984
barilyuk.batterytemperature,75dd71ae0f0a_llm_s2,4,train,4,10,696,0.41794553399086
barilyuk.batterytemperature,75dd71ae0f0a_llm_s2,5,train,4,10,696,0.5572606921195984
barilyuk.batterytemperature,75dd71ae0f0a_llm_s2,6,train,4,10,696,0.3482879400253296
barilyuk.batterytemperature,75dd71ae0f0a_llm_s2,7,train,4,10,696,0.6269182562828064
barilyuk.batterytemperature,75dd71ae0f0a_llm_s2,8,train,4,10,696,0.2786303460597992
barilyuk.batterytemperature,75dd71ae0f0a_llm_s2,9,train,4,10,696,0.20897276699543
barilyuk.batterytemperature,75dd71ae0f0a_llm_s2,10,train,4,10,696,0.5572606921195984
barilyuk.batterytemperature,75dd71ae0f0a_llm_s2,11,train,4,10,696,0.5572606921195984
barilyuk.batterytemperature,75dd71ae0f0a_llm_s2,12,train,4,10,696,0.487603098154068
barilyuk.batterytemperature,75dd71ae0f0a_llm_s3,0,train,4,10,703,0.5572606921195984
barilyuk.batterytemperature,75dd71ae0f0a_llm_s3,1,train,4,10,703,0.487603098154068
barilyuk.batterytemperature,75dd71ae0f0a_llm_s3,2,train,4,10,703,0.5572606921195984
barilyuk.batterytemperature,75dd71ae0f0a_llm_s3,3,train,4,10,703,0.5572606921195984
barilyuk.batterytemperature,75dd71ae0f0a_llm_s3,4,train,4,10,703,0.41841381788253784
barilyuk.batterytemperature,75dd71ae0f0a_llm_s3,5,train,4,10,703,0.5572606921195984
barilyuk.batterytemperature,75dd71ae0f0a_llm_s3,6,train,4,10,703,0.2786303460597992
barilyuk.batterytemperature,75dd71ae0f0a_llm_s3,7,train,4,10,703,0.41794553399086
barilyuk.batterytemperature,75dd71ae0f0a_llm_s3,8,train,4,10,703,0.487603098154068
barilyuk.batterytemperature,75dd71ae0f0a_llm_s3,9,train,4,10,703,0.6269182562828064
barilyuk.batterytemperature,75dd71ae0f0a_llm_s3,10,train,4,10,703,0.5572606921195984
barilyuk.batterytemperature,75dd71ae0f0a_llm_s3,11,train,4,10,703,0.41794553399086
barilyuk.batterytemperature,75dd71ae0f0a_llm_s3,12,train,4,10,703,0.487603098154068
ca.rmen.android.scrumchatter,7603ad0544fe_llm_s1,0,train,3,6,151,0.5804799199104309
ca.rmen.android.scrumchatter,7603ad0544fe_llm_s1,1,train,3,6,151,0.6965758800506592
ca.rmen.android.scrumchatter,7603ad0544fe_llm_s1,2,train,3,6,151,0.6965758800506592
ca.rmen.android.scrumchatter,7603ad0544fe_llm_s1,3,train,3,6,151,0.5804799199104309
ca.rmen.android.scrumchatter,7603ad0544fe_llm_s1,4,train,3,6,151,0.5804799199104309
ca.rmen.android.scrumchatter,7603ad0544fe_llm_s2,0,train,3,6,187,0.11609598249197006
ca.rmen.android.scrumchatter,7603ad0544fe_llm_s2,1,train,3,6,187,0.5804799199104309
ca.rmen.android.scrumchatter,7603ad0544fe_llm_s2,2,train,3,6,187,0.5804799199104309
ca.rmen.android.scrumchatter,7603ad0544fe_llm_s2,3,train,3,6,187,0.46438392996788025
ca.rmen.android.scrumchatter,7603ad0544fe_llm_s2,4,train,3,6,187,0.5804799199104309
ca.rmen.android.scrumchatter,7603ad0544fe_llm_s2,5,train,3,6,187,0.46438392996788025
ca.rmen.android.scrumchatter,7603ad0544fe_llm_s3,0,train,3,6,186,0.46438392996788025
ca.rmen.android.scrumchatter,7603ad0544fe_llm_s3,1,train,3,6,186,0.3482879400253296
ca.rmen.android.scrumchatter,7603ad0544fe_llm_s3,2,train,3,6,186,0.5804799199104309
ca.rmen.android.scrumchatter,7603ad0544fe_llm_s3,3,train,3,6,186,0.6965758800506592
ca.rmen.android.scrumchatter,7603ad0544fe_llm_s3,4,train,3,6,186,0.3482879400253296
ca.rmen.android.scrumchatter,7603ad0544fe_llm_s3,5,train,3,6,186,0.6965758800506592
ca.rmen.android.scrumchatter,7603ad0544fe_llm_s3,6,train,3,6,186,0.6965758800506592
at.linuxtage.Eventfahrplan,84bca8b5903c_llm_s1,3,train,3,6,49,0.6965758800506592
at.linuxtage.Eventfahrplan,84bca8b5903c_llm_s2,3,train,3,6,49,0.5804799199104309
at.linuxtage.Eventfahrplan,84bca8b5903c_llm_s3,3,train,3,6,49,0.5804799199104309
cf.playhi.freezeyou,86b80fef253c_llm_s1,4,train,3,5,267,0.5572606921195984
cf.playhi.freezeyou,86b80fef253c_llm_s1,5,train,3,5,267,0.5572606921195984
cf.playhi.freezeyou,86b80fef253c_llm_s1,6,train,3,5,267,0.2786303460597992
cf.playhi.freezeyou,86b80fef253c_llm_s1,7,train,4,6,267,0.348431795835495
cf.playhi.freezeyou,86b80fef253c_llm_s2,4,train,3,5,267,0.5572606921195984
cf.playhi.freezeyou,86b80fef253c_llm_s2,5,train,3,5,267,0.5572606921195984
cf.playhi.freezeyou,86b80fef253c_llm_s2,6,train,3,5,267,0.5572606921195984
cf.playhi.freezeyou,86b80fef253c_llm_s2,7,train,4,6,267,0.5807873606681824
cf.playhi.freezeyou,86b80fef253c_llm_s3,4,train,3,4,267,0.5224319100379944
cf.playhi.freezeyou,86b80fef253c_llm_s3,5,train,3,4,267,0.5224319100379944
cf.playhi.freezeyou,86b80fef253c_llm_s3,6,train,3,4,267,0.3482879400253296
cf.playhi.freezeyou,86b80fef253c_llm_s3,7,train,4,5,267,0.41853809356689453
app.fedilab.mobilizon,9b7a3d5efee6_llm_s1,0,train,5,13,127,0.3750794231891632
app.fedilab.mobilizon,9b7a3d5efee6_llm_s1,1,train,5,13,127,0.375318706035614
app.fedilab.mobilizon,9b7a3d5efee6_llm_s1,2,train,5,13,127,0.29737016558647156
app.fedilab.mobilizon,9b7a3d5efee6_llm_s1,3,train,5,15,127,0.5108223557472229
app.fedilab.mobilizon,9b7a3d5efee6_llm_s2,0,train,5,13,127,0.5358275771141052
app.fedilab.mobilizon,9b7a3d5efee6_llm_s2,1,train,5,13,127,0.48236405849456787
app.fedilab.mobilizon,9b7a3d5efee6_llm_s2,2,train,5,13,127,0.5505729913711548
app.fedilab.mobilizon,9b7a3d5efee6_llm_s2,3,train,5,14,127,2.914854049682617
app.fedilab.mobilizon,9b7a3d5efee6_llm_s3,0,train,5,14,127,0.34828799962997437
app.fedilab.mobilizon,9b7a3d5efee6_llm_s3,1,train,5,14,127,0.24907934665679932
app.fedilab.mobilizon,9b7a3d5efee6_llm_s3,2,train,5,14,127,2.865100860595703
app.fedilab.mobilizon,9b7a3d5efee6_llm_s3,3,train,5,14,127,0.348287969827652
be.mygod.vpnhotspot_foss,a72518537ed0_llm_s1,0,train,4,10,1674,0.41794553399086
be.mygod.vpnhotspot_foss,a72518537ed0_llm_s1,1,train,4,10,1674,0.487603098154068
be.mygod.vpnhotspot_foss,a72518537ed0_llm_s1,2,train,4,10,1674,0.487603098154068
be.mygod.vpnhotspot_foss,a72518537ed0_llm_s1,3,train,4,10,1674,4.011137962341309
be.mygod.vpnhotspot_foss,a72518537ed0_llm_s1,4,train,4,10,1674,0.3482879400253296
be.mygod.vpnhotspot_foss,a72518537ed0_llm_s1,5,train,4,10,1674,0.487603098154068
be.mygod.vpnhotspot_foss,a72518537ed0_llm_s1,6,train,4,10,1674,0.487603098154068
be.mygod.vpnhotspot_foss,a72518537ed0_llm_s1,7,train,4,10,1674,0.6269182562828064
be.mygod.vpnhotspot_foss,a72518537ed0_llm_s1,8,train,4,10,1674,0.487603098154068
be.mygod.vpnhotspot_foss,a72518537ed0_llm_s1,9,train,4,10,1674,0.487603098154068
be.mygod.vpnhotspot_foss,a72518537ed0_llm_s1,10,train,4,10,1674,3.9414806365966797
be.mygod.vpnhotspot_foss,a72518537ed0_llm_s1,11,train,4,10,1674,0.2786303460597992
be.mygod.vpnhotspot_foss,a72518537ed0_llm_s1,12,train,4,10,1674,0.6965758800506592
be.mygod.vpnhotspot_foss,a72518537ed0_llm_s2,0,train,4,10,1691,3.9414801597595215
be.mygod.vpnhotspot_foss,a72518537ed0_llm_s2,1,train,4,10,1691,0.3482879400253296
be.mygod.vpnhotspot_foss,a72518537ed0_llm_s2,2,train,4,10,1691,0.487603098154068
be.mygod.vpnhotspot_foss,a72518537ed0_llm_s2,3,train,4,10,1691,0.5572606921195984
be.mygod.vpnhotspot_foss,a72518537ed0_llm_s2,4,train,4,10,1691,0.6269182562828064
be.mygod.vpnhotspot_foss,a72518537ed0_llm_s2,5,train,4,10,1691,0.5572606921195984
be.mygod.vpnhotspot_foss,a72518537ed0_llm_s2,6,train,4,10,1691,0.6269182562828064
be.mygod.vpnhotspot_foss,a72518537ed0_llm_s2,7,train,4,10,1691,0.3482879400253296
be.mygod.vpnhotspot_foss,a72518537ed0_llm_s2,8,train,4,10,1691,0.487603098154068
be.mygod.vpnhotspot_foss,a72518537ed0_llm_s2,9,train,4,10,1691,0.41794553399086
be.mygod.vpnhotspot_foss,a72518537ed0_llm_s2,10,train,4,10,1691,0.487603098154068
be.mygod.vpnhotspot_foss,a72518537ed0_llm_s2,11,train,4,10,1691,0.41794553399086
be.mygod.vpnhotspot_foss,a72518537ed0_llm_s2,12,train,4,10,1691,0.41794553399086
be.mygod.vpnhotspot_foss,a72518537ed0_llm_s3,0,train,4,11,1657,0.37995049357414246
be.mygod.vpnhotspot_foss,a72518537ed0_llm_s3,1,train,4,11,1657,0.4432755410671234
be.mygod.vpnhotspot_foss,a72518537ed0_llm_s3,2,train,4,11,1657,0.5066006183624268
be.mygod.vpnhotspot_foss,a72518537ed0_llm_s3,3,train,4,11,1657,0.37995049357414246
be.mygod.vpnhotspot_foss,a72518537ed0_llm_s3,4,train,4,11,1657,0.5066006183624268
be.mygod.vpnhotspot_foss,a72518537ed0_llm_s3,5,train,4,11,1657,0.4432755410671234
be.mygod.vpnhotspot_foss,a72518537ed0_llm_s3,6,train,4,11,1657,0.5066006183624268
be.mygod.vpnhotspot_foss,a72518537ed0_llm_s3,7,train,4,11,1657,0.37995049357414246
be.mygod.vpnhotspot_foss,a72518537ed0_llm_s3,8,train,4,11,1657,0.2533003091812134
be.mygod.vpnhotspot_foss,a72518537ed0_llm_s3,9,train,4,11,1657,0.5699257254600525
be.mygod.vpnhotspot_foss,a72518537ed0_llm_s3,10,train,4,11,1657,0.5066006183624268
be.mygod.vpnhotspot_foss,a72518537ed0_llm_s3,11,train,4,11,1657,0.5066006183624268
be.mygod.vpnhotspot_foss,a72518537ed0_llm_s3,12,train,4,11,1657,0.4432755410671234
InfinityLoop1309.NewPipeEnhanced,b77ab89fd70e_llm_s1,0,train,5,13,388,0.4822448194026947
InfinityLoop1309.NewPipeEnhanced,b77ab89fd70e_llm_s1,1,train,5,14,388,0.39804336428642273
InfinityLoop1309.NewPipeEnhanced,b77ab89fd70e_llm_s1,2,train,5,14,388,0.39804336428642273
InfinityLoop1309.NewPipeEnhanced,b77ab89fd70e_llm_s1,3,train,6,16,388,0.3918239176273346
InfinityLoop1309.NewPipeEnhanced,b77ab89fd70e_llm_s1,4,train,6,16,388,0.2612159550189972
InfinityLoop1309.NewPipeEnhanced,b77ab89fd70e_llm_s2,0,train,5,14,1329,0.4975542426109314
InfinityLoop1309.NewPipeEnhanced,b77ab89fd70e_llm_s2,1,train,5,14,1329,2.9148542881011963
InfinityLoop1309.NewPipeEnhanced,b77ab89fd70e_llm_s2,2,train,5,14,1329,0.29853251576423645
InfinityLoop1309.NewPipeEnhanced,b77ab89fd70e_llm_s2,3,train,5,14,1329,0.35013484954833984
InfinityLoop1309.NewPipeEnhanced,b77ab89fd70e_llm_s2,4,train,6,24,1329,0.31926393508911133
InfinityLoop1309.NewPipeEnhanced,b77ab89fd70e_llm_s2,5,train,6,25,1329,0.334356427192688
InfinityLoop1309.NewPipeEnhanced,b77ab89fd70e_llm_s2,6,train,6,25,1329,0.3622194528579712
InfinityLoop1309.NewPipeEnhanced,b77ab89fd70e_llm_s3,0,train,5,14,360,0.497554212808609
InfinityLoop1309.NewPipeEnhanced,b77ab89fd70e_llm_s3,1,train,5,14,360,0.4477987587451935
InfinityLoop1309.NewPipeEnhanced,b77ab89fd70e_llm_s3,2,train,5,14,360,0.3482879102230072
InfinityLoop1309.NewPipeEnhanced,b77ab89fd70e_llm_s3,3,train,5,14,360,5.232643127441406
InfinityLoop1309.NewPipeEnhanced,b77ab89fd70e_llm_s3,4,train,5,14,360,0.3482879102230072
InfinityLoop1309.NewPipeEnhanced,b77ab89fd70e_llm_s3,5,train,5,14,360,0.3482879102230072
ch.mydoli.focal,bbf18ac3b134_llm_s1,0,train,2,2,59,0.6965758800506592
ch.mydoli.focal,bbf18ac3b134_llm_s1,1,train,2,2,59,0.6965758800506592
ch.mydoli.focal,bbf18ac3b134_llm_s1,2,train,2,2,59,0.6965758800506592
ch.mydoli.focal,bbf18ac3b134_llm_s1,3,train,2,2,59,0.6965758800506592
ch.mydoli.focal,bbf18ac3b134_llm_s1,4,train,2,2,59,0.6965758800506592
ch.mydoli.focal,bbf18ac3b134_llm_s1,5,train,2,2,59,0.2780093252658844
ch.mydoli.focal,bbf18ac3b134_llm_s1,6,train,2,2,59,0.6965758800506592
ch.mydoli.focal,bbf18ac3b134_llm_s2,0,train,2,2,59,0.6965758800506592
ch.mydoli.focal,bbf18ac3b134_llm_s2,1,train,2,2,59,0.3487279713153839
ch.mydoli.focal,bbf18ac3b134_llm_s2,2,train,2,2,59,0.6965758800506592
ch.mydoli.focal,bbf18ac3b134_llm_s2,3,train,2,2,59,0.6965758800506592
ch.mydoli.focal,bbf18ac3b134_llm_s2,4,train,2,2,59,0.6965758800506592
ch.mydoli.focal,bbf18ac3b134_llm_s2,5,train,2,2,59,0.6965758800506592
ch.mydoli.focal,bbf18ac3b134_llm_s2,6,train,2,2,59,0.6965758800506592
ch.mydoli.focal,bbf18ac3b134_llm_s3,0,train,2,2,59,0.6965758800506592
ch.mydoli.focal,bbf18ac3b134_llm_s3,1,train,2,2,59,0.3487209379673004
ch.mydoli.focal,bbf18ac3b134_llm_s3,2,train,2,2,59,0.6965758800506592
ch.mydoli.focal,bbf18ac3b134_llm_s3,3,train,2,2,59,0.6965758800506592
ch.mydoli.focal,bbf18ac3b134_llm_s3,4,train,2,2,59,0.6965758800506592
ch.mydoli.focal,bbf18ac3b134_llm_s3,5,train,2,2,59,0.6965758800506592
ch.mydoli.focal,bbf18ac3b134_llm_s3,6,train,2,2,59,0.28025761246681213
app.fedilab.nitterizeme,bcf251559ee4_llm_s1,0,train,2,1,199,0.6965758800506592
app.fedilab.nitterizeme,bcf251559ee4_llm_s1,1,train,2,2,199,0.3482879400253296
app.fedilab.nitterizeme,bcf251559ee4_llm_s1,2,train,2,2,199,0.3482884168624878
app.fedilab.nitterizeme,bcf251559ee4_llm_s1,3,train,2,2,199,0.6965758800506592
app.fedilab.nitterizeme,bcf251559ee4_llm_s1,4,train,2,2,199,0.4502171277999878
app.fedilab.nitterizeme,bcf251559ee4_llm_s1,5,train,2,2,199,0.6965758800506592
app.fedilab.nitterizeme,bcf251559ee4_llm_s2,0,train,2,1,228,0.6965758800506592
app.fedilab.nitterizeme,bcf251559ee4_llm_s2,1,train,2,2,228,0.6965758800506592
app.fedilab.nitterizeme,bcf251559ee4_llm_s2,2,train,2,2,228,0.6965758800506592
app.fedilab.nitterizeme,bcf251559ee4_llm_s2,3,train,2,2,228,0.6965758800506592
app.fedilab.nitterizeme,bcf251559ee4_llm_s2,4,train,2,2,228,0.6965758800506592
app.fedilab.nitterizeme,bcf251559ee4_llm_s2,5,train,2,2,228,0.48610031604766846
app.fedilab.nitterizeme,bcf251559ee4_llm_s3,0,train,2,1,168,0.6965758800506592
app.fedilab.nitterizeme,bcf251559ee4_llm_s3,1,train,2,2,168,0.6965758800506592
app.fedilab.nitterizeme,bcf251559ee4_llm_s3,2,train,2,2,168,0.6965758800506592
biz.binarysolutions.vatcalculator,bec3b8076c0f_llm_s1,0,train,2,1,10,0.6965758800506592
biz.binarysolutions.vatcalculator,bec3b8076c0f_llm_s1,1,train,2,1,10,0.003146885894238949
biz.binarysolutions.vatcalculator,bec3b8076c0f_llm_s1,2,train,2,1,10,0.6965758800506592
biz.binarysolutions.vatcalculator,bec3b8076c0f_llm_s1,3,train,2,1,10,0.6965758800506592
biz.binarysolutions.vatcalculator,bec3b8076c0f_llm_s2,0,train,2,1,10,0.6965758800506592
biz.binarysolutions.vatcalculator,bec3b8076c0f_llm_s2,1,train,2,1,10,0.6965758800506592
biz.binarysolutions.vatcalculator,bec3b8076c0f_llm_s2,2,train,2,1,10,0.6965758800506592
biz.binarysolutions.vatcalculator,bec3b8076c0f_llm_s2,3,train,2,1,10,0.6965758800506592
biz.binarysolutions.vatcalculator,bec3b8076c0f_llm_s3,0,train,2,1,10,0.6965758800506592
biz.binarysolutions.vatcalculator,bec3b8076c0f_llm_s3,1,train,2,1,10,0.6965758800506592
biz.binarysolutions.vatcalculator,bec3b8076c0f_llm_s3,2,train,2,1,10,0.6965758800506592
biz.binarysolutions.vatcalculator,bec3b8076c0f_llm_s3,3,train,2,1,10,3.117371670668945e-05
bluepie.ad_silence,c134927f92ec_llm_s1,0,test,2,2,15,0.6965758800506592
bluepie.ad_silence,c134927f92ec_llm_s1,1,test,2,2,15,0.6965758800506592
bluepie.ad_silence,c134927f92ec_llm_s1,2,test,2,2,15,0.6965758800506592
bluepie.ad_silence,c134927f92ec_llm_s1,3,test,2,2,15,0.4155023396015167
bluepie.ad_silence,c134927f92ec_llm_s1,4,test,2,2,15,0.35453668236732483
bluepie.ad_silence,c134927f92ec_llm_s2,0,test,2,2,17,0.3482879400253296
bluepie.ad_silence,c134927f92ec_llm_s2,1,test,2,2,17,0.6965758800506592
bluepie.ad_silence,c134927f92ec_llm_s2,2,test,2,2,17,0.6965758800506592
bluepie.ad_silence,c134927f92ec_llm_s2,3,test,2,2,17,0.6965758800506592
bluepie.ad_silence,c134927f92ec_llm_s2,4,test,2,2,17,0.34898465871810913
bluepie.ad_silence,c134927f92ec_llm_s3,0,test,2,2,15,0.3482879400253296
bluepie.ad_silence,c134927f92ec_llm_s3,1,test,2,2,15,0.3482879400253296
bluepie.ad_silence,c134927f92ec_llm_s3,2,test,2,2,15,0.000697319395840168
bluepie.ad_silence,c134927f92ec_llm_s3,3,test,2,2,15,0.6965758800506592
bluepie.ad_silence,c134927f92ec_llm_s3,4,test,2,2,15,0.6965758800506592
au.com.wallaceit.reddinator,c3751de467a1_llm_s1,0,train,3,3,45,0.6965758800506592
au.com.wallaceit.reddinator,c3751de467a1_llm_s1,1,train,3,3,45,0.6965758800506592
au.com.wallaceit.reddinator,c3751de467a1_llm_s1,2,train,3,3,45,0.6965758800506592
au.com.wallaceit.reddinator,c3751de467a1_llm_s1,3,train,3,3,45,0.23516233265399933
au.com.wallaceit.reddinator,c3751de467a1_llm_s1,4,train,3,3,45,0.6965758800506592
au.com.wallaceit.reddinator,c3751de467a1_llm_s2,0,train,2,2,46,0.3482879400253296
au.com.wallaceit.reddinator,c3751de467a1_llm_s2,1,train,2,2,46,0.6965758800506592
au.com.wallaceit.reddinator,c3751de467a1_llm_s2,2,train,3,2,46,0.7000601291656494
au.com.wallaceit.reddinator,c3751de467a1_llm_s2,3,train,3,2,46,0.6965758800506592
au.com.wallaceit.reddinator,c3751de467a1_llm_s2,4,train,3,2,46,0.6965758800506592
au.com.wallaceit.reddinator,c3751de467a1_llm_s3,0,train,3,4,47,0.3482879400253296
au.com.wallaceit.reddinator,c3751de467a1_llm_s3,1,train,3,4,47,0.1741439700126648
au.com.wallaceit.reddinator,c3751de467a1_llm_s3,2,train,3,4,47,0.17447437345981598
au.com.wallaceit.reddinator,c3751de467a1_llm_s3,3,train,3,4,47,0.5235457420349121
au.com.wallaceit.reddinator,c3751de467a1_llm_s3,4,train,3,4,47,0.6965758800506592
cityfreqs.com.pilfershushjammer,c7c04de887f3_llm_s1,0,train,3,1,29,0.6965758800506592
cityfreqs.com.pilfershushjammer,c7c04de887f3_llm_s1,1,train,3,1,29,0.6965758800506592
cityfreqs.com.pilfershushjammer,c7c04de887f3_llm_s1,2,train,3,1,29,0.6965758800506592
cityfreqs.com.pilfershushjammer,c7c04de887f3_llm_s1,3,train,3,1,29,0.6965758800506592
cityfreqs.com.pilfershushjammer,c7c04de887f3_llm_s1,4,train,4,2,29,0.3699747622013092
cityfreqs.com.pilfershushjammer,c7c04de887f3_llm_s1,5,train,4,2,29,0.6965758800506592
cityfreqs.com.pilfershushjammer,c7c04de887f3_llm_s1,6,train,5,3,29,0.6949632167816162
cityfreqs.com.pilfershushjammer,c7c04de887f3_llm_s2,0,train,3,1,29,0.6965758800506592
cityfreqs.com.pilfershushjammer,c7c04de887f3_llm_s2,1,train,3,1,29,0.6965758800506592
cityfreqs.com.pilfershushjammer,c7c04de887f3_llm_s2,2,train,3,1,29,0.6965758800506592
cityfreqs.com.pilfershushjammer,c7c04de887f3_llm_s2,3,train,3,1,29,0.08820009976625443
cityfreqs.com.pilfershushjammer,c7c04de887f3_llm_s2,4,train,4,2,29,0.19117875397205353
cityfreqs.com.pilfershushjammer,c7c04de887f3_llm_s2,5,train,5,3,29,0.4645000398159027
cityfreqs.com.pilfershushjammer,c7c04de887f3_llm_s3,0,train,3,1,29,0.6965758800506592
cityfreqs.com.pilfershushjammer,c7c04de887f3_llm_s3,1,train,3,1,29,0.6965758800506592
cityfreqs.com.pilfershushjammer,c7c04de887f3_llm_s3,2,train,3,1,29,0.6965758800506592
cityfreqs.com.pilfershushjammer,c7c04de887f3_llm_s3,3,train,3,1,29,0.6961560249328613
cityfreqs.com.pilfershushjammer,c7c04de887f3_llm_s3,4,train,4,2,29,0.6965758800506592
cityfreqs.com.pilfershushjammer,c7c04de887f3_llm_s3,5,train,4,2,29,0.4923315942287445
cityfreqs.com.pilfershushjammer,c7c04de887f3_llm_s3,6,train,5,3,29,0.6965758800506592
ch.abertschi.waterme.water_me,d42d78005adb_llm_s1,0,train,2,2,12,0.6965758800506592
ch.abertschi.waterme.water_me,d42d78005adb_llm_s1,1,train,2,2,12,0.6965758800506592
ch.abertschi.waterme.water_me,d42d78005adb_llm_s3,0,train,2,2,12,0.34858232736587524
ch.abertschi.waterme.water_me,d42d78005adb_llm_s3,1,train,2,2,12,0.6965758800506592
ca.chancehorizon.paseo,e271584cf787_llm_s1,0,train,4,12,115,0.46438392996788025
ca.chancehorizon.paseo,e271584cf787_llm_s1,1,train,5,12,115,0.5258299708366394
ca.chancehorizon.paseo,e271584cf787_llm_s1,2,train,5,12,115,0.23280532658100128
ca.chancehorizon.paseo,e271584cf787_llm_s1,3,train,5,12,115,0.5806097388267517
ca.chancehorizon.paseo,e271584cf787_llm_s1,4,train,5,12,115,0.3482879400253296
ca.chancehorizon.paseo,e271584cf787_llm_s1,5,train,5,12,115,0.4656045436859131
ca.chancehorizon.paseo,e271584cf787_llm_s2,0,train,4,12,109,0.29023995995521545
ca.chancehorizon.paseo,e271584cf787_llm_s2,1,train,5,14,109,0.4477987587451935
ca.chancehorizon.paseo,e271584cf787_llm_s2,2,train,5,14,109,0.44779878854751587
ca.chancehorizon.paseo,e271584cf787_llm_s2,3,train,5,14,109,0.39804336428642273
ca.chancehorizon.paseo,e271584cf787_llm_s2,4,train,5,14,109,2.666076898574829
ca.chancehorizon.paseo,e271584cf787_llm_s2,5,train,5,14,109,0.5473096370697021
ca.chancehorizon.paseo,e271584cf787_llm_s3,0,train,4,12,125,0.46438392996788025
ca.chancehorizon.paseo,e271584cf787_llm_s3,1,train,5,12,125,0.3482879400253296
ca.chancehorizon.paseo,e271584cf787_llm_s3,2,train,5,12,125,0.5224319100379944
ca.chancehorizon.paseo,e271584cf787_llm_s3,3,train,5,12,125,0.4064735472202301
ca.chancehorizon.paseo,e271584cf787_llm_s3,4,train,5,12,125,0.5804769992828369
ca.chancehorizon.paseo,e271584cf787_llm_s3,5,train,5,12,125,0.4063359200954437
ca.chancehorizon.paseo,e271584cf787_llm_s3,6,train,5,12,125,0.4650135338306427
app.prav.client,e4a6cdb972a2_llm_s1,0,train,2,1,254,0.6965758800506592
app.prav.client,e4a6cdb972a2_llm_s1,1,train,3,1,254,0.6965758800506592
app.prav.client,e4a6cdb972a2_llm_s1,2,train,3,1,254,0.6965758800506592
app.prav.client,e4a6cdb972a2_llm_s1,3,train,3,1,254,0.6965758800506592
app.prav.client,e4a6cdb972a2_llm_s1,4,train,3,2,254,0.6965758800506592
app.prav.client,e4a6cdb972a2_llm_s1,5,train,3,2,254,0.348295658826828
app.prav.client,e4a6cdb972a2_llm_s2,0,train,2,1,254,0.6965758800506592
app.prav.client,e4a6cdb972a2_llm_s2,1,train,3,1,254,0.6965758800506592
app.prav.client,e4a6cdb972a2_llm_s2,2,train,3,1,254,0.6965758800506592
app.prav.client,e4a6cdb972a2_llm_s2,3,train,3,1,254,0.6965758800506592
app.prav.client,e4a6cdb972a2_llm_s2,4,train,3,2,254,0.6965758800506592
app.prav.client,e4a6cdb972a2_llm_s2,5,train,3,2,254,0.34828829765319824
app.prav.client,e4a6cdb972a2_llm_s3,0,train,2,1,254,0.6965758800506592
app.prav.client,e4a6cdb972a2_llm_s3,1,train,3,1,254,0.6965758800506592
app.prav.client,e4a6cdb972a2_llm_s3,2,train,3,1,254,0.6965758800506592
app.prav.client,e4a6cdb972a2_llm_s3,3,train,3,1,254,0.6965758800506592
app.prav.client,e4a6cdb972a2_llm_s3,4,train,3,2,254,0.6965758800506592
app.prav.client,e4a6cdb972a2_llm_s3,5,train,3,2,254,0.6965758800506592
app.tujice.jergasColombia,ef6177e39b1d_llm_s1,1,train,3,1,11,9.185497765429318e-05
app.tujice.jergasColombia,ef6177e39b1d_llm_s1,2,train,3,1,11,0.6965758800506592
app.tujice.jergasColombia,ef6177e39b1d_llm_s1,3,train,3,1,11,0.2375725954771042
app.tujice.jergasColombia,ef6177e39b1d_llm_s1,4,train,3,1,11,0.7922905683517456
app.tujice.jergasColombia,ef6177e39b1d_llm_s2,1,train,3,1,11,0.5691226720809937
app.tujice.jergasColombia,ef6177e39b1d_llm_s2,2,train,3,1,11,0.6965758800506592
app.tujice.jergasColombia,ef6177e39b1d_llm_s2,3,train,3,1,11,0.6965758800506592
app.tujice.jergasColombia,ef6177e39b1d_llm_s2,4,train,3,1,11,34.541622161865234
app.tujice.jergasColombia,ef6177e39b1d_llm_s2,5,train,3,1,11,0.8447362184524536
app.tujice.jergasColombia,ef6177e39b1d_llm_s3,1,train,3,1,12,0.6965758800506592
app.tujice.jergasColombia,ef6177e39b1d_llm_s3,2,train,3,1,12,0.6965758800506592
app.tujice.jergasColombia,ef6177e39b1d_llm_s3,3,train,3,1,12,0.6965758800506592
app.tujice.jergasColombia,ef6177e39b1d_llm_s3,4,train,3,1,12,0.6086744070053101
app.tujice.jergasColombia,ef6177e39b1d_llm_s3,5,train,3,1,12,0.8531007170677185
cl.coders.faketraveler,fb32bae7e64d_llm_s1,0,train,4,7,558,0.497554212808609
cl.coders.faketraveler,fb32bae7e64d_llm_s1,1,train,4,10,558,0.5572606921195984
cl.coders.faketraveler,fb32bae7e64d_llm_s1,2,train,4,10,558,0.3482879400253296
cl.coders.faketraveler,fb32bae7e64d_llm_s1,3,train,4,10,558,0.41794553399086
cl.coders.faketraveler,fb32bae7e64d_llm_s1,4,train,4,10,558,0.3482879400253296
cl.coders.faketraveler,fb32bae7e64d_llm_s1,5,train,4,10,558,0.487603098154068
cl.coders.faketraveler,fb32bae7e64d_llm_s1,6,train,4,10,558,3.8718230724334717
cl.coders.faketraveler,fb32bae7e64d_llm_s1,7,train,4,10,558,0.3482879400253296
cl.coders.faketraveler,fb32bae7e64d_llm_s2,0,train,4,7,558,0.3980433940887451
cl.coders.faketraveler,fb32bae7e64d_llm_s2,1,train,4,10,558,0.5572606921195984
cl.coders.faketraveler,fb32bae7e64d_llm_s2,2,train,4,10,558,0.41794553399086
cl.coders.faketraveler,fb32bae7e64d_llm_s2,3,train,4,10,558,0.487603098154068
cl.coders.faketraveler,fb32bae7e64d_llm_s2,4,train,4,10,558,0.5572606921195984
cl.coders.faketraveler,fb32bae7e64d_llm_s2,5,train,4,10,558,0.5572606921195984
cl.coders.faketraveler,fb32bae7e64d_llm_s2,6,train,4,10,558,0.41794553399086
cl.coders.faketraveler,fb32bae7e64d_llm_s2,7,train,4,10,558,0.3482879400253296
cl.coders.faketraveler,fb32bae7e64d_llm_s3,0,train,4,7,558,0.29853251576423645
cl.coders.faketraveler,fb32bae7e64d_llm_s3,1,train,4,10,558,0.41794553399086
cl.coders.faketraveler,fb32bae7e64d_llm_s3,2,train,4,10,558,0.487603098154068
cl.coders.faketraveler,fb32bae7e64d_llm_s3,3,train,4,10,558,0.5572606921195984
cl.coders.faketraveler,fb32bae7e64d_llm_s3,4,train,4,10,558,0.3482879400253296
cl.coders.faketraveler,fb32bae7e64d_llm_s3,5,train,4,10,558,0.3482879400253296
cl.coders.faketraveler,fb32bae7e64d_llm_s3,6,train,4,10,558,0.5572606921195984
cl.coders.faketraveler,fb32bae7e64d_llm_s3,7,train,4,10,558,0.3482879400253296
biz.binarysolutions.mindfulnessmeditation,fba1483a8a4d_llm_s1,0,train,3,3,10,0.4643842875957489
biz.binarysolutions.mindfulnessmeditation,fba1483a8a4d_llm_s1,1,train,3,3,10,0.46447888016700745
biz.binarysolutions.mindfulnessmeditation,fba1483a8a4d_llm_s1,2,train,3,3,10,0.6965758800506592
biz.binarysolutions.mindfulnessmeditation,fba1483a8a4d_llm_s1,3,train,3,3,10,0.46438395977020264
biz.binarysolutions.mindfulnessmeditation,fba1483a8a4d_llm_s2,0,train,3,3,10,0.4643842875957489
biz.binarysolutions.mindfulnessmeditation,fba1483a8a4d_llm_s2,1,train,3,3,10,0.4671226739883423
biz.binarysolutions.mindfulnessmeditation,fba1483a8a4d_llm_s2,2,train,3,3,10,0.46438392996788025
biz.binarysolutions.mindfulnessmeditation,fba1483a8a4d_llm_s3,0,train,3,3,10,0.4644038677215576
biz.binarysolutions.mindfulnessmeditation,fba1483a8a4d_llm_s3,1,train,3,3,10,0.6965758800506592
biz.binarysolutions.mindfulnessmeditation,fba1483a8a4d_llm_s3,2,train,3,3,10,0.46439656615257263
