relative_time,category,api,args_str
0,lifecycle,hook_loaded,"{""stage"": ""java_perform"", ""version"": ""3""}"
340,reflection,Method.invoke,"{""class"": ""android.view.ViewGroup"", ""method"": ""makeOptionalFitsSystemWindows""}"
450,storage,SharedPreferences.apply,{}
502,reflection,Method.invoke,"{""class"": ""android.view.ViewGroup"", ""method"": ""makeOptionalFitsSystemWindows""}"
3168,reflection,Method.invoke,"{""class"": ""android.view.View"", ""method"": ""getViewRootImpl""}"
3173,reflection,Method.invoke,"{""class"": ""android.view.View"", ""method"": ""getViewRootImpl""}"
3180,reflection,Method.invoke,"{""class"": ""android.view.View"", ""method"": ""getViewRootImpl""}"
3185,reflection,Method.invoke,"{""class"": ""android.view.View"", ""method"": ""getViewRootImpl""}"
3194,reflection,Method.invoke,"{""class"": ""android.view.View"", ""method"": ""getViewRootImpl""}"
3198,reflection,Method.invoke,"{""class"": ""android.view.View"", ""method"": ""getViewRootImpl""}"
3203,reflection,Method.invoke,"{""class"": ""android.view.View"", ""method"": ""getViewRootImpl""}"
3207,reflection,Method.invoke,"{""class"": ""android.view.View"", ""method"": ""getViewRootImpl""}"
4436,network,Socket.connect,"{""endpoint"": ""meta.omaps.app/2606:4700:20::681a:d3c:443""}"
4502,crypto,MessageDigest.getInstance,"{""algorithm"": ""SHA-256""}"
4511,crypto,MessageDigest.digest,{}
4515,crypto,MessageDigest.getInstance,"{""algorithm"": ""SHA-256""}"
4519,crypto,MessageDigest.digest,{}
4522,crypto,MessageDigest.getInstance,"{""algorithm"": ""SHA-256""}"
4529,crypto,MessageDigest.digest,{}
4532,crypto,MessageDigest.getInstance,"{""algorithm"": ""SHA-256""}"
4536,crypto,MessageDigest.digest,{}
4539,crypto,MessageDigest.getInstance,"{""algorithm"": ""SHA-256""}"
4545,crypto,MessageDigest.digest,{}
4549,crypto,MessageDigest.getInstance,"{""algorithm"": ""SHA-256""}"
4553,crypto,MessageDigest.digest,{}
4556,crypto,MessageDigest.getInstance,"{""algorithm"": ""SHA-256""}"
4563,crypto,MessageDigest.digest,{}
4566,crypto,MessageDigest.getInstance,"{""algorithm"": ""SHA-256""}"
4570,crypto,MessageDigest.digest,{}
4586,crypto,MessageDigest.getInstance,"{""algorithm"": ""MD5""}"
4590,crypto,MessageDigest.digest,{}
4596,crypto,MessageDigest.getInstance,"{""algorithm"": ""SHA1""}"
4602,crypto,MessageDigest.digest,{}
4605,crypto,MessageDigest.getInstance,"{""algorithm"": ""MD5""}"
4611,crypto,MessageDigest.digest,{}
4615,crypto,MessageDigest.getInstance,"{""algorithm"": ""SHA1""}"
4619,crypto,MessageDigest.digest,{}
4623,crypto,MessageDigest.getInstance,"{""algorithm"": ""MD5""}"
4628,crypto,MessageDigest.digest,{}
4637,crypto,MessageDigest.getInstance,"{""algorithm"": ""SHA1""}"
4639,crypto,MessageDigest.digest,{}
4646,crypto,MessageDigest.getInstance,"{""algorithm"": ""SHA1""}"
4649,crypto,MessageDigest.digest,{}
4653,crypto,MessageDigest.getInstance,"{""algorithm"": ""SHA1""}"
4657,crypto,MessageDigest.digest,{}
4663,crypto,MessageDigest.getInstance,"{""algorithm"": ""SHA1""}"
4667,crypto,MessageDigest.digest,{}
4813,network,Socket.connect,"{""endpoint"": ""cdn-us1.organicmaps.app/2606:4700:20::681a:936:443""}"
4863,crypto,MessageDigest.getInstance,"{""algorithm"": ""MD5""}"
4866,crypto,MessageDigest.digest,{}
4870,crypto,MessageDigest.getInstance,"{""algorithm"": ""SHA1""}"
4873,crypto,MessageDigest.digest,{}
4877,crypto,MessageDigest.getInstance,"{""algorithm"": ""MD5""}"
4879,crypto,MessageDigest.digest,{}
4883,crypto,MessageDigest.getInstance,"{""algorithm"": ""SHA1""}"
4886,crypto,MessageDigest.digest,{}
4890,crypto,MessageDigest.getInstance,"{""algorithm"": ""SHA1""}"
4894,crypto,MessageDigest.digest,{}
4897,crypto,MessageDigest.getInstance,"{""algorithm"": ""SHA1""}"
4899,crypto,MessageDigest.digest,{}
4903,crypto,MessageDigest.getInstance,"{""algorithm"": ""SHA1""}"
4906,crypto,MessageDigest.digest,{}
4909,crypto,MessageDigest.getInstance,"{""algorithm"": ""SHA1""}"
4912,crypto,MessageDigest.digest,{}
5458,network,Socket.connect,"{""endpoint"": ""cdn.organicmaps.app/2a01:4f8:271:2d1b::2:443""}"
5548,crypto,MessageDigest.getInstance,"{""algorithm"": ""MD5""}"
5548,crypto,MessageDigest.digest,{}
5548,crypto,MessageDigest.getInstance,"{""algorithm"": ""SHA1""}"
5548,crypto,MessageDigest.digest,{}
5548,crypto,MessageDigest.getInstance,"{""algorithm"": ""MD5""}"
5548,crypto,MessageDigest.digest,{}
5548,crypto,MessageDigest.getInstance,"{""algorithm"": ""SHA1""}"
5549,crypto,MessageDigest.digest,{}
5549,crypto,MessageDigest.getInstance,"{""algorithm"": ""MD5""}"
5549,crypto,MessageDigest.digest,{}
5549,crypto,MessageDigest.getInstance,"{""algorithm"": ""SHA1""}"
5549,crypto,MessageDigest.digest,{}
5549,crypto,MessageDigest.getInstance,"{""algorithm"": ""MD5""}"
5549,crypto,MessageDigest.digest,{}
5550,crypto,MessageDigest.getInstance,"{""algorithm"": ""SHA1""}"
5550,crypto,MessageDigest.digest,{}
5550,crypto,MessageDigest.getInstance,"{""algorithm"": ""MD5""}"
5550,crypto,MessageDigest.digest,{}
5551,crypto,MessageDigest.getInstance,"{""algorithm"": ""SHA1""}"
5552,crypto,MessageDigest.digest,{}
5552,crypto,MessageDigest.getInstance,"{""algorithm"": ""SHA1""}"
5552,crypto,MessageDigest.digest,{}
5552,crypto,MessageDigest.getInstance,"{""algorithm"": ""SHA1""}"
5552,crypto,MessageDigest.digest,{}
5552,crypto,MessageDigest.getInstance,"{""algorithm"": ""SHA1""}"
5552,crypto,MessageDigest.digest,{}
5552,crypto,MessageDigest.getInstance,"{""algorithm"": ""SHA1""}"
5552,crypto,MessageDigest.digest,{}
5553,crypto,MessageDigest.getInstance,"{""algorithm"": ""SHA1""}"
5553,crypto,MessageDigest.digest,{}
5618,network,Socket.connect,"{""endpoint"": ""cdn-fi3.organicmaps.app/2a01:4f9:3a:289b::2:443""}"
5764,crypto,MessageDigest.getInstance,"{""algorithm"": ""MD5""}"
5765,crypto,MessageDigest.digest,{}
5765,crypto,MessageDigest.getInstance,"{""algorithm"": ""SHA1""}"
5765,crypto,MessageDigest.digest,{}
5765,crypto,MessageDigest.getInstance,"{""algorithm"": ""MD5""}"
5766,crypto,MessageDigest.digest,{}
5766,crypto,MessageDigest.getInstance,"{""algorithm"": ""SHA1""}"
5766,crypto,MessageDigest.digest,{}
5766,crypto,MessageDigest.getInstance,"{""algorithm"": ""MD5""}"
5766,crypto,MessageDigest.digest,{}
5767,crypto,MessageDigest.getInstance,"{""algorithm"": ""SHA1""}"
5767,crypto,MessageDigest.digest,{}
5767,crypto,MessageDigest.getInstance,"{""algorithm"": ""MD5""}"
5767,crypto,MessageDigest.digest,{}
5767,crypto,MessageDigest.getInstance,"{""algorithm"": ""SHA1""}"
5768,crypto,MessageDigest.digest,{}
5768,crypto,MessageDigest.getInstance,"{""algorithm"": ""SHA1""}"
5768,crypto,MessageDigest.digest,{}
5768,crypto,MessageDigest.getInstance,"{""algorithm"": ""SHA1""}"
5768,crypto,MessageDigest.digest,{}
5768,crypto,MessageDigest.getInstance,"{""algorithm"": ""SHA1""}"
5768,crypto,MessageDigest.digest,{}
5769,crypto,MessageDigest.getInstance,"{""algorithm"": ""SHA1""}"
5769,crypto,MessageDigest.digest,{}
5769,crypto,MessageDigest.getInstance,"{""algorithm"": ""SHA1""}"
5769,crypto,MessageDigest.digest,{}
5769,crypto,MessageDigest.getInstance,"{""algorithm"": ""SHA1""}"
5769,crypto,MessageDigest.digest,{}
5864,network,Socket.connect,"{""endpoint"": ""cdn-de3.organicmaps.app/142.132.166.247:443""}"
5949,crypto,MessageDigest.getInstance,"{""algorithm"": ""MD5""}"
5949,crypto,MessageDigest.digest,{}
5950,crypto,MessageDigest.getInstance,"{""algorithm"": ""SHA1""}"
5950,crypto,MessageDigest.digest,{}
5950,crypto,MessageDigest.getInstance,"{""algorithm"": ""MD5""}"
5950,crypto,MessageDigest.digest,{}
5950,crypto,MessageDigest.getInstance,"{""algorithm"": ""SHA1""}"
5950,crypto,MessageDigest.digest,{}
5951,crypto,MessageDigest.getInstance,"{""algorithm"": ""SHA1""}"
5951,crypto,MessageDigest.digest,{}
5951,crypto,MessageDigest.getInstance,"{""algorithm"": ""SHA1""}"
5951,crypto,MessageDigest.digest,{}
5951,crypto,MessageDigest.getInstance,"{""algorithm"": ""SHA1""}"
5951,crypto,MessageDigest.digest,{}
5951,crypto,MessageDigest.getInstance,"{""algorithm"": ""SHA1""}"
5952,crypto,MessageDigest.digest,{}
19012,reflection,Method.invoke,"{""class"": ""android.view.ViewGroup"", ""method"": ""makeOptionalFitsSystemWindows""}"
19347,reflection,Method.invoke,"{""class"": ""android.view.View"", ""method"": ""getElevation""}"
19352,reflection,Method.invoke,"{""class"": ""android.view.View"", ""method"": ""getTranslationZ""}"
19358,reflection,Method.invoke,"{""class"": ""android.view.View"", ""method"": ""getViewRootImpl""}"
19364,reflection,Method.invoke,"{""class"": ""android.view.View"", ""method"": ""getViewRootImpl""}"
19373,reflection,Method.invoke,"{""class"": ""android.view.View"", ""method"": ""getViewRootImpl""}"
19378,reflection,Method.invoke,"{""class"": ""android.view.View"", ""method"": ""getViewRootImpl""}"
19382,reflection,Method.invoke,"{""class"": ""android.view.View"", ""method"": ""getViewRootImpl""}"
19387,reflection,Method.invoke,"{""class"": ""android.view.View"", ""method"": ""getViewRootImpl""}"
19392,reflection,Method.invoke,"{""class"": ""android.view.View"", ""method"": ""getViewRootImpl""}"
19397,reflection,Method.invoke,"{""class"": ""android.view.View"", ""method"": ""getViewRootImpl""}"
19403,reflection,Method.invoke,"{""class"": ""android.view.View"", ""method"": ""getViewRootImpl""}"
19408,reflection,Method.invoke,"{""class"": ""android.view.View"", ""method"": ""getViewRootImpl""}"
19413,reflection,Method.invoke,"{""class"": ""android.view.View"", ""method"": ""getViewRootImpl""}"
19418,reflection,Method.invoke,"{""class"": ""android.view.View"", ""method"": ""getViewRootImpl""}"
19424,reflection,Method.invoke,"{""class"": ""android.view.View"", ""method"": ""getViewRootImpl""}"
19429,reflection,Method.invoke,"{""class"": ""android.view.View"", ""method"": ""getViewRootImpl""}"
19434,reflection,Method.invoke,"{""class"": ""android.view.View"", ""method"": ""getViewRootImpl""}"
19439,reflection,Method.invoke,"{""class"": ""android.view.View"", ""method"": ""getViewRootImpl""}"
19443,reflection,Method.invoke,"{""class"": ""android.view.View"", ""method"": ""getViewRootImpl""}"
19449,reflection,Method.invoke,"{""class"": ""android.view.View"", ""method"": ""getViewRootImpl""}"
19453,reflection,Method.invoke,"{""class"": ""android.view.View"", ""method"": ""getViewRootImpl""}"
19459,reflection,Method.invoke,"{""class"": ""android.view.View"", ""method"": ""getViewRootImpl""}"
19484,reflection,Method.invoke,"{""class"": ""android.view.View"", ""method"": ""getViewRootImpl""}"
19490,reflection,Method.invoke,"{""class"": ""android.view.View"", ""method"": ""getViewRootImpl""}"
19494,reflection,Method.invoke,"{""class"": ""android.view.View"", ""method"": ""getViewRootImpl""}"
19498,reflection,Method.invoke,"{""class"": ""android.view.View"", ""method"": ""getViewRootImpl""}"
19504,reflection,Method.invoke,"{""class"": ""android.view.View"", ""method"": ""getViewRootImpl""}"
19508,reflection,Method.invoke,"{""class"": ""android.view.View"", ""method"": ""getViewRootImpl""}"
19513,reflection,Method.invoke,"{""class"": ""android.view.View"", ""method"": ""getViewRootImpl""}"
19518,reflection,Method.invoke,"{""class"": ""android.view.View"", ""method"": ""getViewRootImpl""}"
19523,reflection,Method.invoke,"{""class"": ""android.view.View"", ""method"": ""getViewRootImpl""}"
19527,reflection,Method.invoke,"{""class"": ""android.view.View"", ""method"": ""getViewRootImpl""}"
19532,reflection,Method.invoke,"{""class"": ""android.view.View"", ""method"": ""getViewRootImpl""}"
19536,reflection,Method.invoke,"{""class"": ""android.view.View"", ""method"": ""getViewRootImpl""}"
19540,reflection,Method.invoke,"{""class"": ""android.view.View"", ""method"": ""getViewRootImpl""}"
19545,reflection,Method.invoke,"{""class"": ""android.view.View"", ""method"": ""getViewRootImpl""}"
19550,reflection,Method.invoke,"{""class"": ""android.view.View"", ""method"": ""getViewRootImpl""}"
19554,reflection,Method.invoke,"{""class"": ""android.view.View"", ""method"": ""getViewRootImpl""}"
19563,reflection,Method.invoke,"{""class"": ""android.view.View"", ""method"": ""getViewRootImpl""}"
19567,reflection,Method.invoke,"{""class"": ""android.view.View"", ""method"": ""getViewRootImpl""}"
19572,reflection,Method.invoke,"{""class"": ""android.view.View"", ""method"": ""getViewRootImpl""}"
19577,reflection,Method.invoke,"{""class"": ""android.view.View"", ""method"": ""getViewRootImpl""}"
19603,reflection,Method.invoke,"{""class"": ""android.view.View"", ""method"": ""getViewRootImpl""}"
19616,reflection,Method.invoke,"{""class"": ""android.os.SystemProperties"", ""method"": ""get""}"
19621,reflection,Method.invoke,"{""class"": ""android.os.SystemProperties"", ""method"": ""get""}"
19632,reflection,Method.invoke,"{""class"": ""android.os.SystemProperties"", ""method"": ""get""}"
20055,reflection,Method.invoke,"{""class"": ""android.view.View"", ""method"": ""getViewRootImpl""}"
20070,reflection,Method.invoke,"{""class"": ""android.view.View"", ""method"": ""getViewRootImpl""}"
20086,reflection,Method.invoke,"{""class"": ""android.view.View"", ""method"": ""getViewRootImpl""}"
20100,reflection,Method.invoke,"{""class"": ""android.view.View"", ""method"": ""getViewRootImpl""}"
20114,reflection,Method.invoke,"{""class"": ""android.view.View"", ""method"": ""getViewRootImpl""}"
20128,reflection,Method.invoke,"{""class"": ""android.view.View"", ""method"": ""getViewRootImpl""}"
20138,reflection,Method.invoke,"{""class"": ""android.view.View"", ""method"": ""getViewRootImpl""}"
20152,reflection,Method.invoke,"{""class"": ""android.view.View"", ""method"": ""getViewRootImpl""}"
20166,reflection,Method.invoke,"{""class"": ""android.view.View"", ""method"": ""getViewRootImpl""}"
20181,reflection,Method.invoke,"{""class"": ""android.view.View"", ""method"": ""getViewRootImpl""}"
20194,reflection,Method.invoke,"{""class"": ""android.view.View"", ""method"": ""getViewRootImpl""}"
20204,reflection,Method.invoke,"{""class"": ""android.view.View"", ""method"": ""getViewRootImpl""}"
20220,reflection,Method.invoke,"{""class"": ""android.view.View"", ""method"": ""getViewRootImpl""}"
20233,reflection,Method.invoke,"{""class"": ""android.view.View"", ""method"": ""getViewRootImpl""}"
20248,reflection,Method.invoke,"{""class"": ""android.view.View"", ""method"": ""getViewRootImpl""}"
20256,reflection,Method.invoke,"{""class"": ""android.view.View"", ""method"": ""getViewRootImpl""}"
20271,reflection,Method.invoke,"{""class"": ""android.view.View"", ""method"": ""getViewRootImpl""}"
20286,reflection,Method.invoke,"{""class"": ""android.view.View"", ""method"": ""getViewRootImpl""}"
20301,reflection,Method.invoke,"{""class"": ""android.view.View"", ""method"": ""getViewRootImpl""}"
20315,reflection,Method.invoke,"{""class"": ""android.view.View"", ""method"": ""getViewRootImpl""}"
20323,reflection,Method.invoke,"{""class"": ""android.view.View"", ""method"": ""getViewRootImpl""}"
20337,reflection,Method.invoke,"{""class"": ""android.view.View"", ""method"": ""getViewRootImpl""}"
20356,reflection,Method.invoke,"{""class"": ""android.view.View"", ""method"": ""getViewRootImpl""}"
20364,reflection,Method.invoke,"{""class"": ""android.view.View"", ""method"": ""getViewRootImpl""}"
20374,reflection,Method.invoke,"{""class"": ""android.view.View"", ""method"": ""getViewRootImpl""}"
20387,reflection,Method.invoke,"{""class"": ""android.view.View"", ""method"": ""getViewRootImpl""}"
20396,reflection,Method.invoke,"{""class"": ""android.view.View"", ""method"": ""getViewRootImpl""}"
20405,reflection,Method.invoke,"{""class"": ""android.view.View"", ""method"": ""getViewRootImpl""}"
20416,reflection,Method.invoke,"{""class"": ""android.view.View"", ""method"": ""getViewRootImpl""}"
20425,reflection,Method.invoke,"{""class"": ""android.view.View"", ""method"": ""getViewRootImpl""}"
20435,reflection,Method.invoke,"{""class"": ""android.view.View"", ""method"": ""getViewRootImpl""}"
20444,reflection,Method.invoke,"{""class"": ""android.view.View"", ""method"": ""getViewRootImpl""}"
20452,reflection,Method.invoke,"{""class"": ""android.view.View"", ""method"": ""getViewRootImpl""}"
20463,reflection,Method.invoke,"{""class"": ""android.view.View"", ""method"": ""getViewRootImpl""}"
20472,reflection,Method.invoke,"{""class"": ""android.view.View"", ""method"": ""getViewRootImpl""}"
20481,reflection,Method.invoke,"{""class"": ""android.view.View"", ""method"": ""getViewRootImpl""}"
20492,reflection,Method.invoke,"{""class"": ""android.view.View"", ""method"": ""getViewRootImpl""}"
20501,reflection,Method.invoke,"{""class"": ""android.view.View"", ""method"": ""getViewRootImpl""}"
20510,reflection,Method.invoke,"{""class"": ""android.view.View"", ""method"": ""getViewRootImpl""}"
20523,reflection,Method.invoke,"{""class"": ""android.view.View"", ""method"": ""getViewRootImpl""}"
20533,reflection,Method.invoke,"{""class"": ""android.view.View"", ""method"": ""getViewRootImpl""}"
20542,reflection,Method.invoke,"{""class"": ""android.view.View"", ""method"": ""getViewRootImpl""}"
20550,reflection,Method.invoke,"{""class"": ""android.view.View"", ""method"": ""getViewRootImpl""}"
20561,reflection,Method.invoke,"{""class"": ""android.view.View"", ""method"": ""getViewRootImpl""}"
20615,reflection,Method.invoke,"{""class"": ""android.location.LocationRequest"", ""method"": ""createFromDeprecatedProvider""}"
20631,reflection,Method.invoke,"{""class"": ""android.location.LocationRequest"", ""method"": ""setQuality""}"
20641,reflection,Method.invoke,"{""class"": ""android.location.LocationRequest"", ""method"": ""setFastestInterval""}"
20655,reflection,Method.invoke,"{""class"": ""android.location.LocationManager"", ""method"": ""requestLocationUpdates""}"
20666,reflection,Method.invoke,"{""class"": ""android.location.LocationRequest"", ""method"": ""createFromDeprecatedProvider""}"
20674,reflection,Method.invoke,"{""class"": ""android.location.LocationRequest"", ""method"": ""setQuality""}"
20684,reflection,Method.invoke,"{""class"": ""android.location.LocationRequest"", ""method"": ""setFastestInterval""}"
20699,reflection,Method.invoke,"{""class"": ""android.location.LocationManager"", ""method"": ""requestLocationUpdates""}"
22436,reflection,Method.invoke,"{""class"": ""android.view.ViewGroup"", ""method"": ""makeOptionalFitsSystemWindows""}"
22565,reflection,Method.invoke,"{""class"": ""android.view.View"", ""method"": ""getViewRootImpl""}"
22574,reflection,Method.invoke,"{""class"": ""android.view.View"", ""method"": ""getViewRootImpl""}"
22592,reflection,Method.invoke,"{""class"": ""android.view.View"", ""method"": ""getViewRootImpl""}"
22600,reflection,Method.invoke,"{""class"": ""android.view.View"", ""method"": ""getViewRootImpl""}"
22607,reflection,Method.invoke,"{""class"": ""android.view.View"", ""method"": ""getViewRootImpl""}"
22615,reflection,Method.invoke,"{""class"": ""android.view.View"", ""method"": ""getViewRootImpl""}"
22622,reflection,Method.invoke,"{""class"": ""android.view.View"", ""method"": ""getViewRootImpl""}"
22629,reflection,Method.invoke,"{""class"": ""android.view.View"", ""method"": ""getViewRootImpl""}"
22638,reflection,Method.invoke,"{""class"": ""android.view.View"", ""method"": ""getViewRootImpl""}"
22646,reflection,Method.invoke,"{""class"": ""android.view.View"", ""method"": ""getViewRootImpl""}"
22653,reflection,Method.invoke,"{""class"": ""android.view.View"", ""method"": ""getViewRootImpl""}"
22660,reflection,Method.invoke,"{""class"": ""android.view.View"", ""method"": ""getViewRootImpl""}"
22698,reflection,Method.invoke,"{""class"": ""android.icu.text.PluralRules$Operand"", ""method"": ""values""}"
64886,lifecycle,hook_loaded,"{""stage"": ""java_perform"", ""version"": ""3""}"
66457,reflection,Method.invoke,"{""class"": ""android.view.ViewGroup"", ""method"": ""makeOptionalFitsSystemWindows""}"
66524,reflection,Method.invoke,"{""class"": ""android.view.View"", ""method"": ""getTranslationZ""}"
66525,reflection,Method.invoke,"{""class"": ""android.view.View"", ""method"": ""getViewRootImpl""}"
66525,reflection,Method.invoke,"{""class"": ""android.view.View"", ""method"": ""getViewRootImpl""}"
66526,reflection,Method.invoke,"{""class"": ""android.view.View"", ""method"": ""getViewRootImpl""}"
66526,reflection,Method.invoke,"{""class"": ""android.view.View"", ""method"": ""getViewRootImpl""}"
66527,reflection,Method.invoke,"{""class"": ""android.view.View"", ""method"": ""getViewRootImpl""}"
66527,reflection,Method.invoke,"{""class"": ""android.view.View"", ""method"": ""getViewRootImpl""}"
66537,reflection,Method.invoke,"{""class"": ""android.view.View"", ""method"": ""getViewRootImpl""}"
66538,reflection,Method.invoke,"{""class"": ""android.view.View"", ""method"": ""getViewRootImpl""}"
66539,reflection,Method.invoke,"{""class"": ""android.view.View"", ""method"": ""getViewRootImpl""}"
66546,reflection,Method.invoke,"{""class"": ""android.view.View"", ""method"": ""getViewRootImpl""}"
66547,reflection,Method.invoke,"{""class"": ""android.view.View"", ""method"": ""getViewRootImpl""}"
66548,reflection,Method.invoke,"{""class"": ""android.view.View"", ""method"": ""getViewRootImpl""}"
68025,file_io,File.delete,"{""path"": ""/data/user/0/app.organicmaps/files/profileInstalled""}"
73399,reflection,Method.invoke,"{""class"": ""android.location.LocationRequest"", ""method"": ""createFromDeprecatedProvider""}"
73399,reflection,Method.invoke,"{""class"": ""android.location.LocationRequest"", ""method"": ""setQuality""}"
73400,reflection,Method.invoke,"{""class"": ""android.location.LocationRequest"", ""method"": ""setFastestInterval""}"
73404,reflection,Method.invoke,"{""class"": ""android.location.LocationManager"", ""method"": ""requestLocationUpdates""}"
73416,reflection,Method.invoke,"{""class"": ""android.location.LocationRequest"", ""method"": ""createFromDeprecatedProvider""}"
73416,reflection,Method.invoke,"{""class"": ""android.location.LocationRequest"", ""method"": ""setQuality""}"
73418,reflection,Method.invoke,"{""class"": ""android.location.LocationRequest"", ""method"": ""setFastestInterval""}"
73419,reflection,Method.invoke,"{""class"": ""android.location.LocationManager"", ""method"": ""requestLocationUpdates""}"
75949,reflection,Method.invoke,"{""class"": ""com.android.webview.chromium.WebViewChromiumFactoryProviderForQ"", ""method"": ""create""}"
75956,reflection,Method.invoke,"{""class"": ""android.os.Trace"", ""method"": ""isTagEnabled""}"
75968,native_code,System.loadLibrary,"{""library"": ""monochrome_64""}"
78919,lifecycle,hook_loaded,"{""stage"": ""java_perform"", ""version"": ""3""}"
80359,reflection,Method.invoke,"{""class"": ""android.view.ViewGroup"", ""method"": ""makeOptionalFitsSystemWindows""}"
80401,reflection,Method.invoke,"{""class"": ""android.view.View"", ""method"": ""getViewRootImpl""}"
80401,reflection,Method.invoke,"{""class"": ""android.view.View"", ""method"": ""getViewRootImpl""}"
80402,reflection,Method.invoke,"{""class"": ""android.view.View"", ""method"": ""getViewRootImpl""}"
80402,reflection,Method.invoke,"{""class"": ""android.view.View"", ""method"": ""getViewRootImpl""}"
80413,reflection,Method.invoke,"{""class"": ""android.view.View"", ""method"": ""getViewRootImpl""}"
80413,reflection,Method.invoke,"{""class"": ""android.view.View"", ""method"": ""getViewRootImpl""}"
80413,reflection,Method.invoke,"{""class"": ""android.view.View"", ""method"": ""getViewRootImpl""}"
80414,reflection,Method.invoke,"{""class"": ""android.view.View"", ""method"": ""getViewRootImpl""}"
80420,reflection,Method.invoke,"{""class"": ""android.view.View"", ""method"": ""getViewRootImpl""}"
80421,reflection,Method.invoke,"{""class"": ""android.view.View"", ""method"": ""getViewRootImpl""}"
80422,reflection,Method.invoke,"{""class"": ""android.view.View"", ""method"": ""getViewRootImpl""}"
80423,reflection,Method.invoke,"{""class"": ""android.view.View"", ""method"": ""getViewRootImpl""}"
80433,reflection,Method.invoke,"{""class"": ""android.view.View"", ""method"": ""getViewRootImpl""}"
80669,reflection,Method.invoke,"{""class"": ""android.view.View"", ""method"": ""getViewRootImpl""}"
80670,reflection,Method.invoke,"{""class"": ""android.view.View"", ""method"": ""getViewRootImpl""}"
80670,reflection,Method.invoke,"{""class"": ""android.view.View"", ""method"": ""getViewRootImpl""}"
80676,reflection,Method.invoke,"{""class"": ""android.view.View"", ""method"": ""getViewRootImpl""}"
80677,reflection,Method.invoke,"{""class"": ""android.view.View"", ""method"": ""getViewRootImpl""}"
80678,reflection,Method.invoke,"{""class"": ""android.view.View"", ""method"": ""getViewRootImpl""}"
80679,reflection,Method.invoke,"{""class"": ""android.view.View"", ""method"": ""getViewRootImpl""}"
80679,reflection,Method.invoke,"{""class"": ""android.view.View"", ""method"": ""getViewRootImpl""}"
80726,reflection,Method.invoke,"{""class"": ""android.view.View"", ""method"": ""getViewRootImpl""}"
80728,reflection,Method.invoke,"{""class"": ""android.view.View"", ""method"": ""getViewRootImpl""}"
80728,reflection,Method.invoke,"{""class"": ""android.view.View"", ""method"": ""getViewRootImpl""}"
80728,reflection,Method.invoke,"{""class"": ""android.view.View"", ""method"": ""getViewRootImpl""}"
80729,reflection,Method.invoke,"{""class"": ""android.view.View"", ""method"": ""getViewRootImpl""}"
80730,reflection,Method.invoke,"{""class"": ""android.view.View"", ""method"": ""getViewRootImpl""}"
80731,reflection,Method.invoke,"{""class"": ""android.view.View"", ""method"": ""getViewRootImpl""}"
80732,reflection,Method.invoke,"{""class"": ""android.view.View"", ""method"": ""getViewRootImpl""}"
83649,reflection,Method.invoke,"{""class"": ""android.view.View"", ""method"": ""getViewRootImpl""}"
83650,reflection,Method.invoke,"{""class"": ""android.view.View"", ""method"": ""getViewRootImpl""}"
83650,reflection,Method.invoke,"{""class"": ""android.view.View"", ""method"": ""getViewRootImpl""}"
83651,reflection,Method.invoke,"{""class"": ""android.view.View"", ""method"": ""getViewRootImpl""}"
83652,reflection,Method.invoke,"{""class"": ""android.view.View"", ""method"": ""getViewRootImpl""}"
83658,reflection,Method.invoke,"{""class"": ""android.view.View"", ""method"": ""getViewRootImpl""}"
83660,reflection,Method.invoke,"{""class"": ""android.view.View"", ""method"": ""getViewRootImpl""}"
83667,reflection,Method.invoke,"{""class"": ""android.view.View"", ""method"": ""getViewRootImpl""}"
83670,reflection,Method.invoke,"{""class"": ""android.view.View"", ""method"": ""getViewRootImpl""}"
83746,reflection,Method.invoke,"{""class"": ""android.view.View"", ""method"": ""getViewRootImpl""}"
83771,reflection,Method.invoke,"{""class"": ""android.view.View"", ""method"": ""getViewRootImpl""}"
83801,reflection,Method.invoke,"{""class"": ""android.view.View"", ""method"": ""getViewRootImpl""}"
83832,reflection,Method.invoke,"{""class"": ""android.view.View"", ""method"": ""getViewRootImpl""}"
83855,reflection,Method.invoke,"{""class"": ""android.view.View"", ""method"": ""getViewRootImpl""}"
83874,reflection,Method.invoke,"{""class"": ""android.view.View"", ""method"": ""getViewRootImpl""}"
83902,reflection,Method.invoke,"{""class"": ""android.view.View"", ""method"": ""getViewRootImpl""}"
83931,reflection,Method.invoke,"{""class"": ""android.view.View"", ""method"": ""getViewRootImpl""}"
83953,reflection,Method.invoke,"{""class"": ""android.view.View"", ""method"": ""getViewRootImpl""}"
83974,reflection,Method.invoke,"{""class"": ""android.view.View"", ""method"": ""getViewRootImpl""}"
83996,reflection,Method.invoke,"{""class"": ""android.view.View"", ""method"": ""getViewRootImpl""}"
84021,reflection,Method.invoke,"{""class"": ""android.view.View"", ""method"": ""getViewRootImpl""}"
84039,reflection,Method.invoke,"{""class"": ""android.view.View"", ""method"": ""getViewRootImpl""}"
86921,reflection,Method.invoke,"{""class"": ""android.view.ViewGroup"", ""method"": ""makeOptionalFitsSystemWindows""}"
87062,reflection,Method.invoke,"{""class"": ""android.view.View"", ""method"": ""getViewRootImpl""}"
87121,reflection,Method.invoke,"{""class"": ""android.view.View"", ""method"": ""getViewRootImpl""}"
87135,reflection,Method.invoke,"{""class"": ""android.view.View"", ""method"": ""getViewRootImpl""}"
87148,reflection,Method.invoke,"{""class"": ""android.view.View"", ""method"": ""getViewRootImpl""}"
87289,reflection,Method.invoke,"{""class"": ""android.view.View"", ""method"": ""getViewRootImpl""}"
87300,reflection,Method.invoke,"{""class"": ""android.view.View"", ""method"": ""getViewRootImpl""}"
87315,reflection,Method.invoke,"{""class"": ""android.view.View"", ""method"": ""getViewRootImpl""}"
87323,reflection,Method.invoke,"{""class"": ""android.view.View"", ""method"": ""getViewRootImpl""}"
87334,reflection,Method.invoke,"{""class"": ""android.view.View"", ""method"": ""getViewRootImpl""}"
87348,reflection,Method.invoke,"{""class"": ""android.view.View"", ""method"": ""getViewRootImpl""}"
87355,reflection,Method.invoke,"{""class"": ""android.view.View"", ""method"": ""getViewRootImpl""}"
87368,reflection,Method.invoke,"{""class"": ""android.view.View"", ""method"": ""getViewRootImpl""}"
87382,reflection,Method.invoke,"{""class"": ""android.view.View"", ""method"": ""getViewRootImpl""}"
87394,reflection,Method.invoke,"{""class"": ""android.view.View"", ""method"": ""getViewRootImpl""}"
87412,reflection,Method.invoke,"{""class"": ""android.view.View"", ""method"": ""getViewRootImpl""}"
87429,reflection,Method.invoke,"{""class"": ""android.view.View"", ""method"": ""getViewRootImpl""}"
87438,reflection,Method.invoke,"{""class"": ""android.view.View"", ""method"": ""getViewRootImpl""}"
87451,reflection,Method.invoke,"{""class"": ""android.view.View"", ""method"": ""getViewRootImpl""}"
87464,reflection,Method.invoke,"{""class"": ""android.view.View"", ""method"": ""getViewRootImpl""}"
87471,reflection,Method.invoke,"{""class"": ""android.view.View"", ""method"": ""getViewRootImpl""}"
87484,reflection,Method.invoke,"{""class"": ""android.view.View"", ""method"": ""getViewRootImpl""}"
87494,reflection,Method.invoke,"{""class"": ""android.view.View"", ""method"": ""getViewRootImpl""}"
87501,reflection,Method.invoke,"{""class"": ""android.view.View"", ""method"": ""getViewRootImpl""}"
87513,reflection,Method.invoke,"{""class"": ""android.view.View"", ""method"": ""getViewRootImpl""}"
87520,reflection,Method.invoke,"{""class"": ""android.view.View"", ""method"": ""getViewRootImpl""}"
87535,reflection,Method.invoke,"{""class"": ""android.view.View"", ""method"": ""getViewRootImpl""}"
93317,reflection,Method.invoke,"{""class"": ""android.location.LocationRequest"", ""method"": ""createFromDeprecatedProvider""}"
93338,reflection,Method.invoke,"{""class"": ""android.location.LocationRequest"", ""method"": ""setQuality""}"
93372,reflection,Method.invoke,"{""class"": ""android.location.LocationRequest"", ""method"": ""setFastestInterval""}"
93390,reflection,Method.invoke,"{""class"": ""android.location.LocationManager"", ""method"": ""requestLocationUpdates""}"
93393,reflection,Method.invoke,"{""class"": ""android.location.LocationRequest"", ""method"": ""createFromDeprecatedProvider""}"
93394,reflection,Method.invoke,"{""class"": ""android.location.LocationRequest"", ""method"": ""setQuality""}"
93395,reflection,Method.invoke,"{""class"": ""android.location.LocationRequest"", ""method"": ""setFastestInterval""}"
93395,reflection,Method.invoke,"{""class"": ""android.location.LocationManager"", ""method"": ""requestLocationUpdates""}"
96384,reflection,Method.invoke,"{""class"": ""android.view.ViewGroup"", ""method"": ""makeOptionalFitsSystemWindows""}"
96523,reflection,Method.invoke,"{""class"": ""android.view.View"", ""method"": ""getViewRootImpl""}"
96540,reflection,Method.invoke,"{""class"": ""android.view.View"", ""method"": ""getViewRootImpl""}"
96556,reflection,Method.invoke,"{""class"": ""android.view.View"", ""method"": ""getViewRootImpl""}"
96574,reflection,Method.invoke,"{""class"": ""android.view.View"", ""method"": ""getViewRootImpl""}"
96595,reflection,Method.invoke,"{""class"": ""android.view.View"", ""method"": ""getViewRootImpl""}"
96612,reflection,Method.invoke,"{""class"": ""android.view.View"", ""method"": ""getViewRootImpl""}"
96630,reflection,Method.invoke,"{""class"": ""android.view.View"", ""method"": ""getViewRootImpl""}"
96648,reflection,Method.invoke,"{""class"": ""android.view.View"", ""method"": ""getViewRootImpl""}"
96670,reflection,Method.invoke,"{""class"": ""android.view.View"", ""method"": ""getViewRootImpl""}"
96683,reflection,Method.invoke,"{""class"": ""android.view.View"", ""method"": ""getViewRootImpl""}"
96699,reflection,Method.invoke,"{""class"": ""android.view.View"", ""method"": ""getViewRootImpl""}"
96715,reflection,Method.invoke,"{""class"": ""android.view.View"", ""method"": ""getViewRootImpl""}"
96780,reflection,Method.invoke,"{""class"": ""android.icu.text.PluralRules$Operand"", ""method"": ""values""}"
144565,lifecycle,hook_loaded,"{""stage"": ""java_perform"", ""version"": ""3""}"
146168,reflection,Method.invoke,"{""class"": ""android.view.ViewGroup"", ""method"": ""makeOptionalFitsSystemWindows""}"
146305,reflection,Method.invoke,"{""class"": ""android.view.View"", ""method"": ""getViewRootImpl""}"
146319,reflection,Method.invoke,"{""class"": ""android.view.View"", ""method"": ""getViewRootImpl""}"
146335,reflection,Method.invoke,"{""class"": ""android.view.View"", ""method"": ""getViewRootImpl""}"
146341,reflection,Method.invoke,"{""class"": ""android.view.View"", ""method"": ""getViewRootImpl""}"
146354,reflection,Method.invoke,"{""class"": ""android.view.View"", ""method"": ""getViewRootImpl""}"
146371,reflection,Method.invoke,"{""class"": ""android.view.View"", ""method"": ""getViewRootImpl""}"
146388,reflection,Method.invoke,"{""class"": ""android.view.View"", ""method"": ""getViewRootImpl""}"
146404,reflection,Method.invoke,"{""class"": ""android.view.View"", ""method"": ""getViewRootImpl""}"
146421,reflection,Method.invoke,"{""class"": ""android.view.View"", ""method"": ""getViewRootImpl""}"
146437,reflection,Method.invoke,"{""class"": ""android.view.View"", ""method"": ""getViewRootImpl""}"
146453,reflection,Method.invoke,"{""class"": ""android.view.View"", ""method"": ""getViewRootImpl""}"
146469,reflection,Method.invoke,"{""class"": ""android.view.View"", ""method"": ""getViewRootImpl""}"
146525,reflection,Method.invoke,"{""class"": ""android.icu.text.PluralRules$Operand"", ""method"": ""values""}"
147762,file_io,File.delete,"{""path"": ""/data/user/0/app.organicmaps/files/profileInstalled""}"
174201,reflection,Method.invoke,"{""class"": ""android.view.ViewGroup"", ""method"": ""makeOptionalFitsSystemWindows""}"
174316,storage,SharedPreferences.apply,{}
174366,reflection,Method.invoke,"{""class"": ""android.view.ViewGroup"", ""method"": ""makeOptionalFitsSystemWindows""}"
181821,reflection,Method.invoke,"{""class"": ""android.view.ViewGroup"", ""method"": ""makeOptionalFitsSystemWindows""}"
181852,reflection,Method.invoke,"{""class"": ""android.location.LocationRequest"", ""method"": ""createFromDeprecatedProvider""}"
181853,reflection,Method.invoke,"{""class"": ""android.location.LocationRequest"", ""method"": ""setQuality""}"
181853,reflection,Method.invoke,"{""class"": ""android.location.LocationRequest"", ""method"": ""setFastestInterval""}"
181853,reflection,Method.invoke,"{""class"": ""android.location.LocationManager"", ""method"": ""requestLocationUpdates""}"
181857,reflection,Method.invoke,"{""class"": ""android.location.LocationRequest"", ""method"": ""createFromDeprecatedProvider""}"
181864,reflection,Method.invoke,"{""class"": ""android.location.LocationRequest"", ""method"": ""setQuality""}"
181866,reflection,Method.invoke,"{""class"": ""android.location.LocationRequest"", ""method"": ""setFastestInterval""}"
181867,reflection,Method.invoke,"{""class"": ""android.location.LocationManager"", ""method"": ""requestLocationUpdates""}"
182048,storage,SharedPreferences.apply,{}
182093,reflection,Method.invoke,"{""class"": ""android.view.ViewGroup"", ""method"": ""makeOptionalFitsSystemWindows""}"
182236,reflection,Method.invoke,"{""class"": ""android.view.ViewGroup"", ""method"": ""makeOptionalFitsSystemWindows""}"
182415,reflection,Method.invoke,"{""class"": ""android.view.View"", ""method"": ""getElevation""}"
182421,reflection,Method.invoke,"{""class"": ""android.view.View"", ""method"": ""getTranslationZ""}"
182431,reflection,Method.invoke,"{""class"": ""android.view.View"", ""method"": ""getViewRootImpl""}"
182437,reflection,Method.invoke,"{""class"": ""android.view.View"", ""method"": ""getViewRootImpl""}"
182443,reflection,Method.invoke,"{""class"": ""android.view.View"", ""method"": ""getViewRootImpl""}"
182451,reflection,Method.invoke,"{""class"": ""android.view.View"", ""method"": ""getViewRootImpl""}"
182458,reflection,Method.invoke,"{""class"": ""android.view.View"", ""method"": ""getViewRootImpl""}"
182466,reflection,Method.invoke,"{""class"": ""android.view.View"", ""method"": ""getViewRootImpl""}"
182473,reflection,Method.invoke,"{""class"": ""android.view.View"", ""method"": ""getViewRootImpl""}"
182480,reflection,Method.invoke,"{""class"": ""android.view.View"", ""method"": ""getViewRootImpl""}"
182486,reflection,Method.invoke,"{""class"": ""android.view.View"", ""method"": ""getViewRootImpl""}"
182493,reflection,Method.invoke,"{""class"": ""android.view.View"", ""method"": ""getViewRootImpl""}"
182499,reflection,Method.invoke,"{""class"": ""android.view.View"", ""method"": ""getViewRootImpl""}"
182508,reflection,Method.invoke,"{""class"": ""android.view.View"", ""method"": ""getViewRootImpl""}"
182515,reflection,Method.invoke,"{""class"": ""android.view.View"", ""method"": ""getViewRootImpl""}"
182524,reflection,Method.invoke,"{""class"": ""android.view.View"", ""method"": ""getViewRootImpl""}"
182531,reflection,Method.invoke,"{""class"": ""android.view.View"", ""method"": ""getViewRootImpl""}"
182538,reflection,Method.invoke,"{""class"": ""android.view.View"", ""method"": ""getViewRootImpl""}"
182549,reflection,Method.invoke,"{""class"": ""android.view.View"", ""method"": ""getViewRootImpl""}"
182560,reflection,Method.invoke,"{""class"": ""android.view.View"", ""method"": ""getViewRootImpl""}"
182564,reflection,Method.invoke,"{""class"": ""android.view.View"", ""method"": ""getViewRootImpl""}"
182572,reflection,Method.invoke,"{""class"": ""android.view.View"", ""method"": ""getViewRootImpl""}"
182591,reflection,Method.invoke,"{""class"": ""android.view.View"", ""method"": ""getViewRootImpl""}"
182598,reflection,Method.invoke,"{""class"": ""android.view.View"", ""method"": ""getViewRootImpl""}"
182606,reflection,Method.invoke,"{""class"": ""android.view.View"", ""method"": ""getViewRootImpl""}"
182612,reflection,Method.invoke,"{""class"": ""android.view.View"", ""method"": ""getViewRootImpl""}"
182620,reflection,Method.invoke,"{""class"": ""android.view.View"", ""method"": ""getViewRootImpl""}"
182628,reflection,Method.invoke,"{""class"": ""android.view.View"", ""method"": ""getViewRootImpl""}"
182636,reflection,Method.invoke,"{""class"": ""android.view.View"", ""method"": ""getViewRootImpl""}"
182646,reflection,Method.invoke,"{""class"": ""android.view.View"", ""method"": ""getViewRootImpl""}"
182652,reflection,Method.invoke,"{""class"": ""android.view.View"", ""method"": ""getViewRootImpl""}"
182662,reflection,Method.invoke,"{""class"": ""android.view.View"", ""method"": ""getViewRootImpl""}"
182670,reflection,Method.invoke,"{""class"": ""android.view.View"", ""method"": ""getViewRootImpl""}"
182681,reflection,Method.invoke,"{""class"": ""android.view.View"", ""method"": ""getViewRootImpl""}"
182689,reflection,Method.invoke,"{""class"": ""android.view.View"", ""method"": ""getViewRootImpl""}"
182696,reflection,Method.invoke,"{""class"": ""android.view.View"", ""method"": ""getViewRootImpl""}"
182704,reflection,Method.invoke,"{""class"": ""android.view.View"", ""method"": ""getViewRootImpl""}"
182711,reflection,Method.invoke,"{""class"": ""android.view.View"", ""method"": ""getViewRootImpl""}"
182720,reflection,Method.invoke,"{""class"": ""android.view.View"", ""method"": ""getViewRootImpl""}"
182729,reflection,Method.invoke,"{""class"": ""android.view.View"", ""method"": ""getViewRootImpl""}"
182736,reflection,Method.invoke,"{""class"": ""android.view.View"", ""method"": ""getViewRootImpl""}"
182743,reflection,Method.invoke,"{""class"": ""android.view.View"", ""method"": ""getViewRootImpl""}"
182774,reflection,Method.invoke,"{""class"": ""android.view.View"", ""method"": ""getViewRootImpl""}"
182918,reflection,Method.invoke,"{""class"": ""android.view.View"", ""method"": ""getViewRootImpl""}"
182933,reflection,Method.invoke,"{""class"": ""android.view.View"", ""method"": ""getViewRootImpl""}"
182951,reflection,Method.invoke,"{""class"": ""android.view.View"", ""method"": ""getViewRootImpl""}"
182964,reflection,Method.invoke,"{""class"": ""android.view.View"", ""method"": ""getViewRootImpl""}"
182986,reflection,Method.invoke,"{""class"": ""android.view.View"", ""method"": ""getViewRootImpl""}"
183020,reflection,Method.invoke,"{""class"": ""android.view.View"", ""method"": ""getViewRootImpl""}"
183055,reflection,Method.invoke,"{""class"": ""android.view.View"", ""method"": ""getViewRootImpl""}"
183088,reflection,Method.invoke,"{""class"": ""android.view.View"", ""method"": ""getViewRootImpl""}"
183114,reflection,Method.invoke,"{""class"": ""android.view.View"", ""method"": ""getViewRootImpl""}"
183135,reflection,Method.invoke,"{""class"": ""android.view.View"", ""method"": ""getViewRootImpl""}"
183154,reflection,Method.invoke,"{""class"": ""android.view.View"", ""method"": ""getViewRootImpl""}"
183173,reflection,Method.invoke,"{""class"": ""android.view.View"", ""method"": ""getViewRootImpl""}"
183190,reflection,Method.invoke,"{""class"": ""android.view.View"", ""method"": ""getViewRootImpl""}"
183214,reflection,Method.invoke,"{""class"": ""android.view.View"", ""method"": ""getViewRootImpl""}"
183235,reflection,Method.invoke,"{""class"": ""android.view.View"", ""method"": ""getViewRootImpl""}"
183249,reflection,Method.invoke,"{""class"": ""android.view.View"", ""method"": ""getViewRootImpl""}"
183267,reflection,Method.invoke,"{""class"": ""android.view.View"", ""method"": ""getViewRootImpl""}"
183284,reflection,Method.invoke,"{""class"": ""android.view.View"", ""method"": ""getViewRootImpl""}"
183302,reflection,Method.invoke,"{""class"": ""android.view.View"", ""method"": ""getViewRootImpl""}"
183321,reflection,Method.invoke,"{""class"": ""android.view.View"", ""method"": ""getViewRootImpl""}"
183341,reflection,Method.invoke,"{""class"": ""android.view.View"", ""method"": ""getViewRootImpl""}"
183356,reflection,Method.invoke,"{""class"": ""android.view.View"", ""method"": ""getViewRootImpl""}"
183374,reflection,Method.invoke,"{""class"": ""android.view.View"", ""method"": ""getViewRootImpl""}"
183389,reflection,Method.invoke,"{""class"": ""android.view.View"", ""method"": ""getViewRootImpl""}"
183405,reflection,Method.invoke,"{""class"": ""android.view.View"", ""method"": ""getViewRootImpl""}"
183422,reflection,Method.invoke,"{""class"": ""android.view.View"", ""method"": ""getViewRootImpl""}"
183435,reflection,Method.invoke,"{""class"": ""android.view.View"", ""method"": ""getViewRootImpl""}"
183452,reflection,Method.invoke,"{""class"": ""android.view.View"", ""method"": ""getViewRootImpl""}"
183466,reflection,Method.invoke,"{""class"": ""android.view.View"", ""method"": ""getViewRootImpl""}"
183477,reflection,Method.invoke,"{""class"": ""android.view.View"", ""method"": ""getViewRootImpl""}"
183487,reflection,Method.invoke,"{""class"": ""android.view.View"", ""method"": ""getViewRootImpl""}"
183502,reflection,Method.invoke,"{""class"": ""android.view.View"", ""method"": ""getViewRootImpl""}"
183518,reflection,Method.invoke,"{""class"": ""android.view.View"", ""method"": ""getViewRootImpl""}"
183531,reflection,Method.invoke,"{""class"": ""android.view.View"", ""method"": ""getViewRootImpl""}"
183549,reflection,Method.invoke,"{""class"": ""android.view.View"", ""method"": ""getViewRootImpl""}"
183566,reflection,Method.invoke,"{""class"": ""android.view.View"", ""method"": ""getViewRootImpl""}"
183577,reflection,Method.invoke,"{""class"": ""android.view.View"", ""method"": ""getViewRootImpl""}"
183584,reflection,Method.invoke,"{""class"": ""android.view.View"", ""method"": ""getViewRootImpl""}"
183603,reflection,Method.invoke,"{""class"": ""android.view.View"", ""method"": ""getViewRootImpl""}"
183620,reflection,Method.invoke,"{""class"": ""android.view.View"", ""method"": ""getViewRootImpl""}"
183631,reflection,Method.invoke,"{""class"": ""android.view.View"", ""method"": ""getViewRootImpl""}"
183642,reflection,Method.invoke,"{""class"": ""android.view.View"", ""method"": ""getViewRootImpl""}"
183656,reflection,Method.invoke,"{""class"": ""android.view.View"", ""method"": ""getViewRootImpl""}"
183680,reflection,Method.invoke,"{""class"": ""android.view.View"", ""method"": ""getViewRootImpl""}"
185972,reflection,Method.invoke,"{""class"": ""android.view.ViewGroup"", ""method"": ""makeOptionalFitsSystemWindows""}"
185985,reflection,Method.invoke,"{""class"": ""android.location.LocationRequest"", ""method"": ""createFromDeprecatedProvider""}"
185986,reflection,Method.invoke,"{""class"": ""android.location.LocationRequest"", ""method"": ""setQuality""}"
185987,reflection,Method.invoke,"{""class"": ""android.location.LocationRequest"", ""method"": ""setFastestInterval""}"
185987,reflection,Method.invoke,"{""class"": ""android.location.LocationManager"", ""method"": ""requestLocationUpdates""}"
185996,reflection,Method.invoke,"{""class"": ""android.location.LocationRequest"", ""method"": ""createFromDeprecatedProvider""}"
185997,reflection,Method.invoke,"{""class"": ""android.location.LocationRequest"", ""method"": ""setQuality""}"
185999,reflection,Method.invoke,"{""class"": ""android.location.LocationRequest"", ""method"": ""setFastestInterval""}"
186000,reflection,Method.invoke,"{""class"": ""android.location.LocationManager"", ""method"": ""requestLocationUpdates""}"
186107,storage,SharedPreferences.apply,{}
186272,reflection,Method.invoke,"{""class"": ""android.view.ViewGroup"", ""method"": ""makeOptionalFitsSystemWindows""}"
188949,reflection,Method.invoke,"{""class"": ""android.view.ViewGroup"", ""method"": ""makeOptionalFitsSystemWindows""}"
189173,reflection,Method.invoke,"{""class"": ""android.view.View"", ""method"": ""getElevation""}"
189178,reflection,Method.invoke,"{""class"": ""android.view.View"", ""method"": ""getTranslationZ""}"
189183,reflection,Method.invoke,"{""class"": ""android.view.View"", ""method"": ""getViewRootImpl""}"
189188,reflection,Method.invoke,"{""class"": ""android.view.View"", ""method"": ""getViewRootImpl""}"
189193,reflection,Method.invoke,"{""class"": ""android.view.View"", ""method"": ""getViewRootImpl""}"
189197,reflection,Method.invoke,"{""class"": ""android.view.View"", ""method"": ""getViewRootImpl""}"
189202,reflection,Method.invoke,"{""class"": ""android.view.View"", ""method"": ""getViewRootImpl""}"
189207,reflection,Method.invoke,"{""class"": ""android.view.View"", ""method"": ""getViewRootImpl""}"
189211,reflection,Method.invoke,"{""class"": ""android.view.View"", ""method"": ""getViewRootImpl""}"
189216,reflection,Method.invoke,"{""class"": ""android.view.View"", ""method"": ""getViewRootImpl""}"
189221,reflection,Method.invoke,"{""class"": ""android.view.View"", ""method"": ""getViewRootImpl""}"
189225,reflection,Method.invoke,"{""class"": ""android.view.View"", ""method"": ""getViewRootImpl""}"
189230,reflection,Method.invoke,"{""class"": ""android.view.View"", ""method"": ""getViewRootImpl""}"
189234,reflection,Method.invoke,"{""class"": ""android.view.View"", ""method"": ""getViewRootImpl""}"
189239,reflection,Method.invoke,"{""class"": ""android.view.View"", ""method"": ""getViewRootImpl""}"
189244,reflection,Method.invoke,"{""class"": ""android.view.View"", ""method"": ""getViewRootImpl""}"
189249,reflection,Method.invoke,"{""class"": ""android.view.View"", ""method"": ""getViewRootImpl""}"
189253,reflection,Method.invoke,"{""class"": ""android.view.View"", ""method"": ""getViewRootImpl""}"
189259,reflection,Method.invoke,"{""class"": ""android.view.View"", ""method"": ""getViewRootImpl""}"
189264,reflection,Method.invoke,"{""class"": ""android.view.View"", ""method"": ""getViewRootImpl""}"
189269,reflection,Method.invoke,"{""class"": ""android.view.View"", ""method"": ""getViewRootImpl""}"
189274,reflection,Method.invoke,"{""class"": ""android.view.View"", ""method"": ""getViewRootImpl""}"
189285,reflection,Method.invoke,"{""class"": ""android.view.View"", ""method"": ""getViewRootImpl""}"
189291,reflection,Method.invoke,"{""class"": ""android.view.View"", ""method"": ""getViewRootImpl""}"
189297,reflection,Method.invoke,"{""class"": ""android.view.View"", ""method"": ""getViewRootImpl""}"
189303,reflection,Method.invoke,"{""class"": ""android.view.View"", ""method"": ""getViewRootImpl""}"
189309,reflection,Method.invoke,"{""class"": ""android.view.View"", ""method"": ""getViewRootImpl""}"
189316,reflection,Method.invoke,"{""class"": ""android.view.View"", ""method"": ""getViewRootImpl""}"
189323,reflection,Method.invoke,"{""class"": ""android.view.View"", ""method"": ""getViewRootImpl""}"
189328,reflection,Method.invoke,"{""class"": ""android.view.View"", ""method"": ""getViewRootImpl""}"
189335,reflection,Method.invoke,"{""class"": ""android.view.View"", ""method"": ""getViewRootImpl""}"
189341,reflection,Method.invoke,"{""class"": ""android.view.View"", ""method"": ""getViewRootImpl""}"
189346,reflection,Method.invoke,"{""class"": ""android.view.View"", ""method"": ""getViewRootImpl""}"
189350,reflection,Method.invoke,"{""class"": ""android.view.View"", ""method"": ""getViewRootImpl""}"
189355,reflection,Method.invoke,"{""class"": ""android.view.View"", ""method"": ""getViewRootImpl""}"
189360,reflection,Method.invoke,"{""class"": ""android.view.View"", ""method"": ""getViewRootImpl""}"
189365,reflection,Method.invoke,"{""class"": ""android.view.View"", ""method"": ""getViewRootImpl""}"
189369,reflection,Method.invoke,"{""class"": ""android.view.View"", ""method"": ""getViewRootImpl""}"
189375,reflection,Method.invoke,"{""class"": ""android.view.View"", ""method"": ""getViewRootImpl""}"
189380,reflection,Method.invoke,"{""class"": ""android.view.View"", ""method"": ""getViewRootImpl""}"
189386,reflection,Method.invoke,"{""class"": ""android.view.View"", ""method"": ""getViewRootImpl""}"
189391,reflection,Method.invoke,"{""class"": ""android.view.View"", ""method"": ""getViewRootImpl""}"
189407,reflection,Method.invoke,"{""class"": ""android.view.View"", ""method"": ""getViewRootImpl""}"
189594,reflection,Method.invoke,"{""class"": ""android.view.View"", ""method"": ""getViewRootImpl""}"
189602,reflection,Method.invoke,"{""class"": ""android.view.View"", ""method"": ""getViewRootImpl""}"
189622,reflection,Method.invoke,"{""class"": ""android.view.View"", ""method"": ""getViewRootImpl""}"
189652,reflection,Method.invoke,"{""class"": ""android.view.View"", ""method"": ""getViewRootImpl""}"
189700,reflection,Method.invoke,"{""class"": ""android.view.View"", ""method"": ""getViewRootImpl""}"
189716,reflection,Method.invoke,"{""class"": ""android.view.View"", ""method"": ""getViewRootImpl""}"
189734,reflection,Method.invoke,"{""class"": ""android.view.View"", ""method"": ""getViewRootImpl""}"
189753,reflection,Method.invoke,"{""class"": ""android.view.View"", ""method"": ""getViewRootImpl""}"
189768,reflection,Method.invoke,"{""class"": ""android.view.View"", ""method"": ""getViewRootImpl""}"
189779,reflection,Method.invoke,"{""class"": ""android.view.View"", ""method"": ""getViewRootImpl""}"
189800,reflection,Method.invoke,"{""class"": ""android.view.View"", ""method"": ""getViewRootImpl""}"
189813,reflection,Method.invoke,"{""class"": ""android.view.View"", ""method"": ""getViewRootImpl""}"
189833,reflection,Method.invoke,"{""class"": ""android.view.View"", ""method"": ""getViewRootImpl""}"
189847,reflection,Method.invoke,"{""class"": ""android.view.View"", ""method"": ""getViewRootImpl""}"
189869,reflection,Method.invoke,"{""class"": ""android.view.View"", ""method"": ""getViewRootImpl""}"
189886,reflection,Method.invoke,"{""class"": ""android.view.View"", ""method"": ""getViewRootImpl""}"
189901,reflection,Method.invoke,"{""class"": ""android.view.View"", ""method"": ""getViewRootImpl""}"
189919,reflection,Method.invoke,"{""class"": ""android.view.View"", ""method"": ""getViewRootImpl""}"
189934,reflection,Method.invoke,"{""class"": ""android.view.View"", ""method"": ""getViewRootImpl""}"
189941,reflection,Method.invoke,"{""class"": ""android.view.View"", ""method"": ""getViewRootImpl""}"
189952,reflection,Method.invoke,"{""class"": ""android.view.View"", ""method"": ""getViewRootImpl""}"
189967,reflection,Method.invoke,"{""class"": ""android.view.View"", ""method"": ""getViewRootImpl""}"
189974,reflection,Method.invoke,"{""class"": ""android.view.View"", ""method"": ""getViewRootImpl""}"
189988,reflection,Method.invoke,"{""class"": ""android.view.View"", ""method"": ""getViewRootImpl""}"
190002,reflection,Method.invoke,"{""class"": ""android.view.View"", ""method"": ""getViewRootImpl""}"
190014,reflection,Method.invoke,"{""class"": ""android.view.View"", ""method"": ""getViewRootImpl""}"
190022,reflection,Method.invoke,"{""class"": ""android.view.View"", ""method"": ""getViewRootImpl""}"
190029,reflection,Method.invoke,"{""class"": ""android.view.View"", ""method"": ""getViewRootImpl""}"
190037,reflection,Method.invoke,"{""class"": ""android.view.View"", ""method"": ""getViewRootImpl""}"
190043,reflection,Method.invoke,"{""class"": ""android.view.View"", ""method"": ""getViewRootImpl""}"
190050,reflection,Method.invoke,"{""class"": ""android.view.View"", ""method"": ""getViewRootImpl""}"
190067,reflection,Method.invoke,"{""class"": ""android.view.View"", ""method"": ""getViewRootImpl""}"
190084,reflection,Method.invoke,"{""class"": ""android.view.View"", ""method"": ""getViewRootImpl""}"
190094,reflection,Method.invoke,"{""class"": ""android.view.View"", ""method"": ""getViewRootImpl""}"
190106,reflection,Method.invoke,"{""class"": ""android.view.View"", ""method"": ""getViewRootImpl""}"
190122,reflection,Method.invoke,"{""class"": ""android.view.View"", ""method"": ""getViewRootImpl""}"
190136,reflection,Method.invoke,"{""class"": ""android.view.View"", ""method"": ""getViewRootImpl""}"
190144,reflection,Method.invoke,"{""class"": ""android.view.View"", ""method"": ""getViewRootImpl""}"
190150,reflection,Method.invoke,"{""class"": ""android.view.View"", ""method"": ""getViewRootImpl""}"
190158,reflection,Method.invoke,"{""class"": ""android.view.View"", ""method"": ""getViewRootImpl""}"
190164,reflection,Method.invoke,"{""class"": ""android.view.View"", ""method"": ""getViewRootImpl""}"
190171,reflection,Method.invoke,"{""class"": ""android.view.View"", ""method"": ""getViewRootImpl""}"
190178,reflection,Method.invoke,"{""class"": ""android.view.View"", ""method"": ""getViewRootImpl""}"
190186,reflection,Method.invoke,"{""class"": ""android.view.View"", ""method"": ""getViewRootImpl""}"
191126,reflection,Method.invoke,"{""class"": ""android.view.ViewGroup"", ""method"": ""makeOptionalFitsSystemWindows""}"
191134,reflection,Method.invoke,"{""class"": ""android.location.LocationRequest"", ""method"": ""createFromDeprecatedProvider""}"
191135,reflection,Method.invoke,"{""class"": ""android.location.LocationRequest"", ""method"": ""setQuality""}"
191138,reflection,Method.invoke,"{""class"": ""android.location.LocationRequest"", ""method"": ""setFastestInterval""}"
191139,reflection,Method.invoke,"{""class"": ""android.location.LocationManager"", ""method"": ""requestLocationUpdates""}"
191148,reflection,Method.invoke,"{""class"": ""android.location.LocationRequest"", ""method"": ""createFromDeprecatedProvider""}"
191149,reflection,Method.invoke,"{""class"": ""android.location.LocationRequest"", ""method"": ""setQuality""}"
191155,reflection,Method.invoke,"{""class"": ""android.location.LocationRequest"", ""method"": ""setFastestInterval""}"
191157,reflection,Method.invoke,"{""class"": ""android.location.LocationManager"", ""method"": ""requestLocationUpdates""}"
191317,storage,SharedPreferences.apply,{}
191364,reflection,Method.invoke,"{""class"": ""android.view.ViewGroup"", ""method"": ""makeOptionalFitsSystemWindows""}"
191508,reflection,Method.invoke,"{""class"": ""android.view.ViewGroup"", ""method"": ""makeOptionalFitsSystemWindows""}"
191676,reflection,Method.invoke,"{""class"": ""android.view.View"", ""method"": ""getElevation""}"
191681,reflection,Method.invoke,"{""class"": ""android.view.View"", ""method"": ""getTranslationZ""}"
191686,reflection,Method.invoke,"{""class"": ""android.view.View"", ""method"": ""getViewRootImpl""}"
191692,reflection,Method.invoke,"{""class"": ""android.view.View"", ""method"": ""getViewRootImpl""}"
191697,reflection,Method.invoke,"{""class"": ""android.view.View"", ""method"": ""getViewRootImpl""}"
191702,reflection,Method.invoke,"{""class"": ""android.view.View"", ""method"": ""getViewRootImpl""}"
191708,reflection,Method.invoke,"{""class"": ""android.view.View"", ""method"": ""getViewRootImpl""}"
191713,reflection,Method.invoke,"{""class"": ""android.view.View"", ""method"": ""getViewRootImpl""}"
191717,reflection,Method.invoke,"{""class"": ""android.view.View"", ""method"": ""getViewRootImpl""}"
191723,reflection,Method.invoke,"{""class"": ""android.view.View"", ""method"": ""getViewRootImpl""}"
191730,reflection,Method.invoke,"{""class"": ""android.view.View"", ""method"": ""getViewRootImpl""}"
191735,reflection,Method.invoke,"{""class"": ""android.view.View"", ""method"": ""getViewRootImpl""}"
191741,reflection,Method.invoke,"{""class"": ""android.view.View"", ""method"": ""getViewRootImpl""}"
191746,reflection,Method.invoke,"{""class"": ""android.view.View"", ""method"": ""getViewRootImpl""}"
191751,reflection,Method.invoke,"{""class"": ""android.view.View"", ""method"": ""getViewRootImpl""}"
191756,reflection,Method.invoke,"{""class"": ""android.view.View"", ""method"": ""getViewRootImpl""}"
191761,reflection,Method.invoke,"{""class"": ""android.view.View"", ""method"": ""getViewRootImpl""}"
191765,reflection,Method.invoke,"{""class"": ""android.view.View"", ""method"": ""getViewRootImpl""}"
191769,reflection,Method.invoke,"{""class"": ""android.view.View"", ""method"": ""getViewRootImpl""}"
191774,reflection,Method.invoke,"{""class"": ""android.view.View"", ""method"": ""getViewRootImpl""}"
191779,reflection,Method.invoke,"{""class"": ""android.view.View"", ""method"": ""getViewRootImpl""}"
191784,reflection,Method.invoke,"{""class"": ""android.view.View"", ""method"": ""getViewRootImpl""}"
191793,reflection,Method.invoke,"{""class"": ""android.view.View"", ""method"": ""getViewRootImpl""}"
191799,reflection,Method.invoke,"{""class"": ""android.view.View"", ""method"": ""getViewRootImpl""}"
191805,reflection,Method.invoke,"{""class"": ""android.view.View"", ""method"": ""getViewRootImpl""}"
191810,reflection,Method.invoke,"{""class"": ""android.view.View"", ""method"": ""getViewRootImpl""}"
191816,reflection,Method.invoke,"{""class"": ""android.view.View"", ""method"": ""getViewRootImpl""}"
191822,reflection,Method.invoke,"{""class"": ""android.view.View"", ""method"": ""getViewRootImpl""}"
191828,reflection,Method.invoke,"{""class"": ""android.view.View"", ""method"": ""getViewRootImpl""}"
191835,reflection,Method.invoke,"{""class"": ""android.view.View"", ""method"": ""getViewRootImpl""}"
191840,reflection,Method.invoke,"{""class"": ""android.view.View"", ""method"": ""getViewRootImpl""}"
191845,reflection,Method.invoke,"{""class"": ""android.view.View"", ""method"": ""getViewRootImpl""}"
191849,reflection,Method.invoke,"{""class"": ""android.view.View"", ""method"": ""getViewRootImpl""}"
191854,reflection,Method.invoke,"{""class"": ""android.view.View"", ""method"": ""getViewRootImpl""}"
191859,reflection,Method.invoke,"{""class"": ""android.view.View"", ""method"": ""getViewRootImpl""}"
191864,reflection,Method.invoke,"{""class"": ""android.view.View"", ""method"": ""getViewRootImpl""}"
191869,reflection,Method.invoke,"{""class"": ""android.view.View"", ""method"": ""getViewRootImpl""}"
191873,reflection,Method.invoke,"{""class"": ""android.view.View"", ""method"": ""getViewRootImpl""}"
191878,reflection,Method.invoke,"{""class"": ""android.view.View"", ""method"": ""getViewRootImpl""}"
191883,reflection,Method.invoke,"{""class"": ""android.view.View"", ""method"": ""getViewRootImpl""}"
191887,reflection,Method.invoke,"{""class"": ""android.view.View"", ""method"": ""getViewRootImpl""}"
191893,reflection,Method.invoke,"{""class"": ""android.view.View"", ""method"": ""getViewRootImpl""}"
191913,reflection,Method.invoke,"{""class"": ""android.view.View"", ""method"": ""getViewRootImpl""}"
192071,reflection,Method.invoke,"{""class"": ""android.view.View"", ""method"": ""getViewRootImpl""}"
192072,reflection,Method.invoke,"{""class"": ""android.view.View"", ""method"": ""getViewRootImpl""}"
192074,reflection,Method.invoke,"{""class"": ""android.view.View"", ""method"": ""getViewRootImpl""}"
192075,reflection,Method.invoke,"{""class"": ""android.view.View"", ""method"": ""getViewRootImpl""}"
192075,reflection,Method.invoke,"{""class"": ""android.view.View"", ""method"": ""getViewRootImpl""}"
192075,reflection,Method.invoke,"{""class"": ""android.view.View"", ""method"": ""getViewRootImpl""}"
192075,reflection,Method.invoke,"{""class"": ""android.view.View"", ""method"": ""getViewRootImpl""}"
192076,reflection,Method.invoke,"{""class"": ""android.view.View"", ""method"": ""getViewRootImpl""}"
192076,reflection,Method.invoke,"{""class"": ""android.view.View"", ""method"": ""getViewRootImpl""}"
192076,reflection,Method.invoke,"{""class"": ""android.view.View"", ""method"": ""getViewRootImpl""}"
192076,reflection,Method.invoke,"{""class"": ""android.view.View"", ""method"": ""getViewRootImpl""}"
192076,reflection,Method.invoke,"{""class"": ""android.view.View"", ""method"": ""getViewRootImpl""}"
192076,reflection,Method.invoke,"{""class"": ""android.view.View"", ""method"": ""getViewRootImpl""}"
192077,reflection,Method.invoke,"{""class"": ""android.view.View"", ""method"": ""getViewRootImpl""}"
192077,reflection,Method.invoke,"{""class"": ""android.view.View"", ""method"": ""getViewRootImpl""}"
192077,reflection,Method.invoke,"{""class"": ""android.view.View"", ""method"": ""getViewRootImpl""}"
192077,reflection,Method.invoke,"{""class"": ""android.view.View"", ""method"": ""getViewRootImpl""}"
192077,reflection,Method.invoke,"{""class"": ""android.view.View"", ""method"": ""getViewRootImpl""}"
192077,reflection,Method.invoke,"{""class"": ""android.view.View"", ""method"": ""getViewRootImpl""}"
192078,reflection,Method.invoke,"{""class"": ""android.view.View"", ""method"": ""getViewRootImpl""}"
192079,reflection,Method.invoke,"{""class"": ""android.view.View"", ""method"": ""getViewRootImpl""}"
192079,reflection,Method.invoke,"{""class"": ""android.view.View"", ""method"": ""getViewRootImpl""}"
192085,reflection,Method.invoke,"{""class"": ""android.view.View"", ""method"": ""getViewRootImpl""}"
192085,reflection,Method.invoke,"{""class"": ""android.view.View"", ""method"": ""getViewRootImpl""}"
192087,reflection,Method.invoke,"{""class"": ""android.view.View"", ""method"": ""getViewRootImpl""}"
192087,reflection,Method.invoke,"{""class"": ""android.view.View"", ""method"": ""getViewRootImpl""}"
192088,reflection,Method.invoke,"{""class"": ""android.view.View"", ""method"": ""getViewRootImpl""}"
192089,reflection,Method.invoke,"{""class"": ""android.view.View"", ""method"": ""getViewRootImpl""}"
192089,reflection,Method.invoke,"{""class"": ""android.view.View"", ""method"": ""getViewRootImpl""}"
192091,reflection,Method.invoke,"{""class"": ""android.view.View"", ""method"": ""getViewRootImpl""}"
192091,reflection,Method.invoke,"{""class"": ""android.view.View"", ""method"": ""getViewRootImpl""}"
192091,reflection,Method.invoke,"{""class"": ""android.view.View"", ""method"": ""getViewRootImpl""}"
192091,reflection,Method.invoke,"{""class"": ""android.view.View"", ""method"": ""getViewRootImpl""}"
192092,reflection,Method.invoke,"{""class"": ""android.view.View"", ""method"": ""getViewRootImpl""}"
192092,reflection,Method.invoke,"{""class"": ""android.view.View"", ""method"": ""getViewRootImpl""}"
192092,reflection,Method.invoke,"{""class"": ""android.view.View"", ""method"": ""getViewRootImpl""}"
192092,reflection,Method.invoke,"{""class"": ""android.view.View"", ""method"": ""getViewRootImpl""}"
192092,reflection,Method.invoke,"{""class"": ""android.view.View"", ""method"": ""getViewRootImpl""}"
192092,reflection,Method.invoke,"{""class"": ""android.view.View"", ""method"": ""getViewRootImpl""}"
192093,reflection,Method.invoke,"{""class"": ""android.view.View"", ""method"": ""getViewRootImpl""}"
192093,reflection,Method.invoke,"{""class"": ""android.view.View"", ""method"": ""getViewRootImpl""}"
192093,reflection,Method.invoke,"{""class"": ""android.view.View"", ""method"": ""getViewRootImpl""}"
192093,reflection,Method.invoke,"{""class"": ""android.view.View"", ""method"": ""getViewRootImpl""}"
192093,reflection,Method.invoke,"{""class"": ""android.view.View"", ""method"": ""getViewRootImpl""}"
195488,reflection,Method.invoke,"{""class"": ""android.view.ViewGroup"", ""method"": ""makeOptionalFitsSystemWindows""}"
195518,storage,SharedPreferences.getInt,"{""key"": ""LastSearchTab""}"
195519,storage,SharedPreferences.apply,{}
195520,storage,SharedPreferences.getInt,"{""key"": ""LastSearchTab""}"
195595,reflection,Method.invoke,"{""class"": ""android.view.View"", ""method"": ""getElevation""}"
195618,reflection,Method.invoke,"{""class"": ""android.view.View"", ""method"": ""getElevation""}"
195636,reflection,Method.invoke,"{""class"": ""android.view.View"", ""method"": ""getTranslationZ""}"
195649,file_io,File.delete,"{""path"": ""/data/user/0/app.organicmaps/shared_prefs/OrganicMapsPrefs.xml.bak""}"
195656,reflection,Method.invoke,"{""class"": ""android.view.View"", ""method"": ""getViewRootImpl""}"
195670,reflection,Method.invoke,"{""class"": ""android.view.View"", ""method"": ""getViewRootImpl""}"
195684,reflection,Method.invoke,"{""class"": ""android.view.View"", ""method"": ""getViewRootImpl""}"
195699,reflection,Method.invoke,"{""class"": ""android.view.View"", ""method"": ""getViewRootImpl""}"
195715,reflection,Method.invoke,"{""class"": ""android.view.View"", ""method"": ""getViewRootImpl""}"
195729,reflection,Method.invoke,"{""class"": ""android.view.View"", ""method"": ""getViewRootImpl""}"
195737,reflection,Method.invoke,"{""class"": ""android.view.View"", ""method"": ""getViewRootImpl""}"
195743,reflection,Method.invoke,"{""class"": ""android.view.View"", ""method"": ""getViewRootImpl""}"
195750,reflection,Method.invoke,"{""class"": ""android.view.View"", ""method"": ""getViewRootImpl""}"
195758,reflection,Method.invoke,"{""class"": ""android.view.View"", ""method"": ""getViewRootImpl""}"
195788,reflection,Method.invoke,"{""class"": ""android.view.View"", ""method"": ""getViewRootImpl""}"
195794,reflection,Method.invoke,"{""class"": ""android.view.View"", ""method"": ""getViewRootImpl""}"
195802,reflection,Method.invoke,"{""class"": ""android.view.View"", ""method"": ""getViewRootImpl""}"
195809,reflection,Method.invoke,"{""class"": ""android.view.View"", ""method"": ""getViewRootImpl""}"
195816,reflection,Method.invoke,"{""class"": ""android.view.View"", ""method"": ""getViewRootImpl""}"
195823,reflection,Method.invoke,"{""class"": ""android.view.View"", ""method"": ""getViewRootImpl""}"
195830,reflection,Method.invoke,"{""class"": ""android.view.View"", ""method"": ""getViewRootImpl""}"
195837,reflection,Method.invoke,"{""class"": ""android.view.View"", ""method"": ""getViewRootImpl""}"
195846,reflection,Method.invoke,"{""class"": ""android.view.View"", ""method"": ""getViewRootImpl""}"
195854,reflection,Method.invoke,"{""class"": ""android.view.View"", ""method"": ""getViewRootImpl""}"
195860,reflection,Method.invoke,"{""class"": ""android.view.View"", ""method"": ""getViewRootImpl""}"
195868,reflection,Method.invoke,"{""class"": ""android.view.View"", ""method"": ""getViewRootImpl""}"
195874,reflection,Method.invoke,"{""class"": ""android.view.View"", ""method"": ""getViewRootImpl""}"
195888,reflection,Method.invoke,"{""class"": ""android.view.View"", ""method"": ""getViewRootImpl""}"
195895,reflection,Method.invoke,"{""class"": ""android.view.View"", ""method"": ""getViewRootImpl""}"
195902,reflection,Method.invoke,"{""class"": ""android.view.View"", ""method"": ""getViewRootImpl""}"
195908,reflection,Method.invoke,"{""class"": ""android.view.View"", ""method"": ""getViewRootImpl""}"
195915,reflection,Method.invoke,"{""class"": ""android.view.View"", ""method"": ""getViewRootImpl""}"
195932,reflection,Method.invoke,"{""class"": ""android.view.View"", ""method"": ""getViewRootImpl""}"
195938,reflection,Method.invoke,"{""class"": ""android.view.View"", ""method"": ""getViewRootImpl""}"
195952,reflection,Method.invoke,"{""class"": ""android.view.View"", ""method"": ""getViewRootImpl""}"
195959,reflection,Method.invoke,"{""class"": ""android.view.View"", ""method"": ""getViewRootImpl""}"
195966,reflection,Method.invoke,"{""class"": ""android.view.View"", ""method"": ""getViewRootImpl""}"
195973,reflection,Method.invoke,"{""class"": ""android.view.View"", ""method"": ""getViewRootImpl""}"
195980,reflection,Method.invoke,"{""class"": ""android.view.View"", ""method"": ""getViewRootImpl""}"
195986,reflection,Method.invoke,"{""class"": ""android.view.View"", ""method"": ""getViewRootImpl""}"
195994,reflection,Method.invoke,"{""class"": ""android.view.View"", ""method"": ""getViewRootImpl""}"
196002,reflection,Method.invoke,"{""class"": ""android.view.View"", ""method"": ""getViewRootImpl""}"
196010,reflection,Method.invoke,"{""class"": ""android.view.View"", ""method"": ""getViewRootImpl""}"
196017,reflection,Method.invoke,"{""class"": ""android.view.View"", ""method"": ""getViewRootImpl""}"
196023,reflection,Method.invoke,"{""class"": ""android.view.View"", ""method"": ""getViewRootImpl""}"
196029,reflection,Method.invoke,"{""class"": ""android.view.View"", ""method"": ""getViewRootImpl""}"
196036,reflection,Method.invoke,"{""class"": ""android.view.View"", ""method"": ""getViewRootImpl""}"
196043,reflection,Method.invoke,"{""class"": ""android.view.View"", ""method"": ""getViewRootImpl""}"
196049,reflection,Method.invoke,"{""class"": ""android.view.View"", ""method"": ""getViewRootImpl""}"
196055,reflection,Method.invoke,"{""class"": ""android.view.View"", ""method"": ""getViewRootImpl""}"
196616,reflection,Method.invoke,"{""class"": ""android.view.View"", ""method"": ""getViewRootImpl""}"
196638,reflection,Method.invoke,"{""class"": ""android.view.View"", ""method"": ""getViewRootImpl""}"
196655,reflection,Method.invoke,"{""class"": ""android.view.View"", ""method"": ""getViewRootImpl""}"
196669,reflection,Method.invoke,"{""class"": ""android.view.View"", ""method"": ""getViewRootImpl""}"
196675,reflection,Method.invoke,"{""class"": ""android.view.View"", ""method"": ""getViewRootImpl""}"
196676,reflection,Method.invoke,"{""class"": ""android.view.View"", ""method"": ""getViewRootImpl""}"
196676,reflection,Method.invoke,"{""class"": ""android.view.View"", ""method"": ""getViewRootImpl""}"
196676,reflection,Method.invoke,"{""class"": ""android.view.View"", ""method"": ""getViewRootImpl""}"
196677,reflection,Method.invoke,"{""class"": ""android.view.View"", ""method"": ""getViewRootImpl""}"
196682,reflection,Method.invoke,"{""class"": ""android.view.View"", ""method"": ""getViewRootImpl""}"
196683,reflection,Method.invoke,"{""class"": ""android.view.View"", ""method"": ""getViewRootImpl""}"
196685,reflection,Method.invoke,"{""class"": ""android.view.View"", ""method"": ""getViewRootImpl""}"
196689,reflection,Method.invoke,"{""class"": ""android.view.View"", ""method"": ""getViewRootImpl""}"
196691,reflection,Method.invoke,"{""class"": ""android.view.View"", ""method"": ""getViewRootImpl""}"
196697,reflection,Method.invoke,"{""class"": ""android.view.View"", ""method"": ""getViewRootImpl""}"
196705,reflection,Method.invoke,"{""class"": ""android.view.View"", ""method"": ""getViewRootImpl""}"
196705,reflection,Method.invoke,"{""class"": ""android.view.View"", ""method"": ""getViewRootImpl""}"
196706,reflection,Method.invoke,"{""class"": ""android.view.View"", ""method"": ""getViewRootImpl""}"
196753,reflection,Method.invoke,"{""class"": ""android.view.View"", ""method"": ""getViewRootImpl""}"
196767,reflection,Method.invoke,"{""class"": ""android.view.View"", ""method"": ""getViewRootImpl""}"
196780,reflection,Method.invoke,"{""class"": ""android.view.View"", ""method"": ""getViewRootImpl""}"
196790,reflection,Method.invoke,"{""class"": ""android.view.View"", ""method"": ""getViewRootImpl""}"
196803,reflection,Method.invoke,"{""class"": ""android.view.View"", ""method"": ""getViewRootImpl""}"
196816,reflection,Method.invoke,"{""class"": ""android.view.View"", ""method"": ""getViewRootImpl""}"
196829,reflection,Method.invoke,"{""class"": ""android.view.View"", ""method"": ""getViewRootImpl""}"
196838,reflection,Method.invoke,"{""class"": ""android.view.View"", ""method"": ""getViewRootImpl""}"
196852,reflection,Method.invoke,"{""class"": ""android.view.View"", ""method"": ""getViewRootImpl""}"
196866,reflection,Method.invoke,"{""class"": ""android.view.View"", ""method"": ""getViewRootImpl""}"
196879,reflection,Method.invoke,"{""class"": ""android.view.View"", ""method"": ""getViewRootImpl""}"
196888,reflection,Method.invoke,"{""class"": ""android.view.View"", ""method"": ""getViewRootImpl""}"
196904,reflection,Method.invoke,"{""class"": ""android.view.View"", ""method"": ""getViewRootImpl""}"
196918,reflection,Method.invoke,"{""class"": ""android.view.View"", ""method"": ""getViewRootImpl""}"
196930,reflection,Method.invoke,"{""class"": ""android.view.View"", ""method"": ""getViewRootImpl""}"
196937,reflection,Method.invoke,"{""class"": ""android.view.View"", ""method"": ""getViewRootImpl""}"
196949,reflection,Method.invoke,"{""class"": ""android.view.View"", ""method"": ""getViewRootImpl""}"
196958,reflection,Method.invoke,"{""class"": ""android.view.View"", ""method"": ""getViewRootImpl""}"
200188,reflection,Method.invoke,"{""class"": ""android.view.View"", ""method"": ""getViewRootImpl""}"
200205,reflection,Method.invoke,"{""class"": ""android.view.View"", ""method"": ""getViewRootImpl""}"
200222,reflection,Method.invoke,"{""class"": ""android.view.View"", ""method"": ""getViewRootImpl""}"
200237,reflection,Method.invoke,"{""class"": ""android.view.View"", ""method"": ""getViewRootImpl""}"
200252,reflection,Method.invoke,"{""class"": ""android.view.View"", ""method"": ""getViewRootImpl""}"
200266,reflection,Method.invoke,"{""class"": ""android.view.View"", ""method"": ""getViewRootImpl""}"
200281,reflection,Method.invoke,"{""class"": ""android.view.View"", ""method"": ""getViewRootImpl""}"
200288,reflection,Method.invoke,"{""class"": ""android.view.View"", ""method"": ""getViewRootImpl""}"
200303,reflection,Method.invoke,"{""class"": ""android.view.View"", ""method"": ""getViewRootImpl""}"
200318,reflection,Method.invoke,"{""class"": ""android.view.View"", ""method"": ""getViewRootImpl""}"
200332,reflection,Method.invoke,"{""class"": ""android.view.View"", ""method"": ""getViewRootImpl""}"
200345,reflection,Method.invoke,"{""class"": ""android.view.View"", ""method"": ""getViewRootImpl""}"
200352,reflection,Method.invoke,"{""class"": ""android.view.View"", ""method"": ""getViewRootImpl""}"
200363,reflection,Method.invoke,"{""class"": ""android.view.View"", ""method"": ""getViewRootImpl""}"
200370,reflection,Method.invoke,"{""class"": ""android.view.View"", ""method"": ""getViewRootImpl""}"
200381,reflection,Method.invoke,"{""class"": ""android.view.View"", ""method"": ""getViewRootImpl""}"
200389,reflection,Method.invoke,"{""class"": ""android.view.View"", ""method"": ""getViewRootImpl""}"
200395,reflection,Method.invoke,"{""class"": ""android.view.View"", ""method"": ""getViewRootImpl""}"
200412,reflection,Method.invoke,"{""class"": ""android.view.View"", ""method"": ""getViewRootImpl""}"
200418,reflection,Method.invoke,"{""class"": ""android.view.View"", ""method"": ""getViewRootImpl""}"
200430,reflection,Method.invoke,"{""class"": ""android.view.View"", ""method"": ""getViewRootImpl""}"
200437,reflection,Method.invoke,"{""class"": ""android.view.View"", ""method"": ""getViewRootImpl""}"
200446,reflection,Method.invoke,"{""class"": ""android.view.View"", ""method"": ""getViewRootImpl""}"
200452,reflection,Method.invoke,"{""class"": ""android.view.View"", ""method"": ""getViewRootImpl""}"
200460,reflection,Method.invoke,"{""class"": ""android.view.View"", ""method"": ""getViewRootImpl""}"
200467,reflection,Method.invoke,"{""class"": ""android.view.View"", ""method"": ""getViewRootImpl""}"
200473,reflection,Method.invoke,"{""class"": ""android.view.View"", ""method"": ""getViewRootImpl""}"
200480,reflection,Method.invoke,"{""class"": ""android.view.View"", ""method"": ""getViewRootImpl""}"
200489,reflection,Method.invoke,"{""class"": ""android.view.View"", ""method"": ""getViewRootImpl""}"
200496,reflection,Method.invoke,"{""class"": ""android.view.View"", ""method"": ""getViewRootImpl""}"
200504,reflection,Method.invoke,"{""class"": ""android.view.View"", ""method"": ""getViewRootImpl""}"
200510,reflection,Method.invoke,"{""class"": ""android.view.View"", ""method"": ""getViewRootImpl""}"
200516,reflection,Method.invoke,"{""class"": ""android.view.View"", ""method"": ""getViewRootImpl""}"
200525,reflection,Method.invoke,"{""class"": ""android.view.View"", ""method"": ""getViewRootImpl""}"
200530,reflection,Method.invoke,"{""class"": ""android.view.View"", ""method"": ""getViewRootImpl""}"
200540,reflection,Method.invoke,"{""class"": ""android.view.View"", ""method"": ""getViewRootImpl""}"
212398,reflection,Method.invoke,"{""class"": ""android.view.ViewGroup"", ""method"": ""makeOptionalFitsSystemWindows""}"
212549,reflection,Method.invoke,"{""class"": ""android.view.View"", ""method"": ""getTranslationZ""}"
212566,reflection,Method.invoke,"{""class"": ""android.view.View"", ""method"": ""getViewRootImpl""}"
212585,reflection,Method.invoke,"{""class"": ""android.view.View"", ""method"": ""getViewRootImpl""}"
212599,reflection,Method.invoke,"{""class"": ""android.view.View"", ""method"": ""getViewRootImpl""}"
212617,reflection,Method.invoke,"{""class"": ""android.view.View"", ""method"": ""getViewRootImpl""}"
212633,reflection,Method.invoke,"{""class"": ""android.view.View"", ""method"": ""getViewRootImpl""}"
212648,reflection,Method.invoke,"{""class"": ""android.view.View"", ""method"": ""getViewRootImpl""}"
212669,reflection,Method.invoke,"{""class"": ""android.view.View"", ""method"": ""getViewRootImpl""}"
212688,reflection,Method.invoke,"{""class"": ""android.view.View"", ""method"": ""getViewRootImpl""}"
212703,reflection,Method.invoke,"{""class"": ""android.view.View"", ""method"": ""getViewRootImpl""}"
212714,reflection,Method.invoke,"{""class"": ""android.view.View"", ""method"": ""getViewRootImpl""}"
212734,reflection,Method.invoke,"{""class"": ""android.view.View"", ""method"": ""getViewRootImpl""}"
212751,reflection,Method.invoke,"{""class"": ""android.view.View"", ""method"": ""getViewRootImpl""}"
260010,lifecycle,hook_loaded,"{""stage"": ""java_perform"", ""version"": ""3""}"
263436,file_io,File.delete,"{""path"": ""/data/user/0/app.organicmaps/files/profileInstalled""}"
313487,reflection,Method.invoke,"{""class"": ""android.view.ViewGroup"", ""method"": ""makeOptionalFitsSystemWindows""}"
313672,reflection,Method.invoke,"{""class"": ""android.view.View"", ""method"": ""getViewRootImpl""}"
313693,reflection,Method.invoke,"{""class"": ""android.view.View"", ""method"": ""getViewRootImpl""}"
313703,reflection,Method.invoke,"{""class"": ""android.view.View"", ""method"": ""getViewRootImpl""}"
313722,reflection,Method.invoke,"{""class"": ""android.view.View"", ""method"": ""getViewRootImpl""}"
313732,reflection,Method.invoke,"{""class"": ""android.view.View"", ""method"": ""getViewRootImpl""}"
313741,reflection,Method.invoke,"{""class"": ""android.view.View"", ""method"": ""getViewRootImpl""}"
313752,reflection,Method.invoke,"{""class"": ""android.view.View"", ""method"": ""getViewRootImpl""}"
313761,reflection,Method.invoke,"{""class"": ""android.view.View"", ""method"": ""getViewRootImpl""}"
313772,reflection,Method.invoke,"{""class"": ""android.view.View"", ""method"": ""getViewRootImpl""}"
313783,reflection,Method.invoke,"{""class"": ""android.view.View"", ""method"": ""getViewRootImpl""}"
313795,reflection,Method.invoke,"{""class"": ""android.view.View"", ""method"": ""getViewRootImpl""}"
313806,reflection,Method.invoke,"{""class"": ""android.view.View"", ""method"": ""getViewRootImpl""}"
313857,reflection,Method.invoke,"{""class"": ""android.icu.text.PluralRules$Operand"", ""method"": ""values""}"
331235,reflection,Method.invoke,"{""class"": ""android.view.ViewGroup"", ""method"": ""makeOptionalFitsSystemWindows""}"
331253,reflection,Method.invoke,"{""class"": ""android.view.View"", ""method"": ""getViewRootImpl""}"
331265,reflection,Method.invoke,"{""class"": ""android.view.View"", ""method"": ""getViewRootImpl""}"
331271,reflection,Method.invoke,"{""class"": ""android.view.View"", ""method"": ""getViewRootImpl""}"
331283,reflection,Method.invoke,"{""class"": ""android.view.View"", ""method"": ""getViewRootImpl""}"
331314,reflection,Method.invoke,"{""class"": ""android.view.View"", ""method"": ""getViewRootImpl""}"
331320,reflection,Method.invoke,"{""class"": ""android.view.View"", ""method"": ""getViewRootImpl""}"
331331,reflection,Method.invoke,"{""class"": ""android.view.View"", ""method"": ""getViewRootImpl""}"
331335,reflection,Method.invoke,"{""class"": ""android.view.View"", ""method"": ""getViewRootImpl""}"
331351,reflection,Method.invoke,"{""class"": ""android.view.View"", ""method"": ""getViewRootImpl""}"
331365,reflection,Method.invoke,"{""class"": ""android.view.View"", ""method"": ""getViewRootImpl""}"
331370,reflection,Method.invoke,"{""class"": ""android.view.View"", ""method"": ""getViewRootImpl""}"
331383,reflection,Method.invoke,"{""class"": ""android.view.View"", ""method"": ""getViewRootImpl""}"
331401,reflection,Method.invoke,"{""class"": ""android.view.View"", ""method"": ""getViewRootImpl""}"
331453,reflection,Method.invoke,"{""class"": ""android.view.View"", ""method"": ""getViewRootImpl""}"
331463,reflection,Method.invoke,"{""class"": ""android.view.View"", ""method"": ""getViewRootImpl""}"
331468,reflection,Method.invoke,"{""class"": ""android.view.View"", ""method"": ""getViewRootImpl""}"
331474,reflection,Method.invoke,"{""class"": ""android.view.View"", ""method"": ""getViewRootImpl""}"
331482,reflection,Method.invoke,"{""class"": ""android.view.View"", ""method"": ""getViewRootImpl""}"
331486,reflection,Method.invoke,"{""class"": ""android.view.View"", ""method"": ""getViewRootImpl""}"
331498,reflection,Method.invoke,"{""class"": ""android.view.View"", ""method"": ""getViewRootImpl""}"
331503,reflection,Method.invoke,"{""class"": ""android.view.View"", ""method"": ""getViewRootImpl""}"
331615,reflection,Method.invoke,"{""class"": ""android.view.View"", ""method"": ""getViewRootImpl""}"
331621,reflection,Method.invoke,"{""class"": ""android.view.View"", ""method"": ""getViewRootImpl""}"
331634,reflection,Method.invoke,"{""class"": ""android.view.View"", ""method"": ""getViewRootImpl""}"
331641,reflection,Method.invoke,"{""class"": ""android.view.View"", ""method"": ""getViewRootImpl""}"
331650,reflection,Method.invoke,"{""class"": ""android.view.View"", ""method"": ""getViewRootImpl""}"
331655,reflection,Method.invoke,"{""class"": ""android.view.View"", ""method"": ""getViewRootImpl""}"
331666,reflection,Method.invoke,"{""class"": ""android.view.View"", ""method"": ""getViewRootImpl""}"
331671,reflection,Method.invoke,"{""class"": ""android.view.View"", ""method"": ""getViewRootImpl""}"
353144,lifecycle,hook_loaded,"{""stage"": ""java_perform"", ""version"": ""3""}"
374831,reflection,Method.invoke,"{""class"": ""android.view.ViewGroup"", ""method"": ""makeOptionalFitsSystemWindows""}"
374872,reflection,Method.invoke,"{""class"": ""android.view.View"", ""method"": ""getViewRootImpl""}"
374882,reflection,Method.invoke,"{""class"": ""android.view.View"", ""method"": ""getViewRootImpl""}"
374889,reflection,Method.invoke,"{""class"": ""android.view.View"", ""method"": ""getViewRootImpl""}"
374905,reflection,Method.invoke,"{""class"": ""android.view.View"", ""method"": ""getViewRootImpl""}"
374947,reflection,Method.invoke,"{""class"": ""android.view.View"", ""method"": ""getViewRootImpl""}"
374956,reflection,Method.invoke,"{""class"": ""android.view.View"", ""method"": ""getViewRootImpl""}"
374971,reflection,Method.invoke,"{""class"": ""android.view.View"", ""method"": ""getViewRootImpl""}"
374984,reflection,Method.invoke,"{""class"": ""android.view.View"", ""method"": ""getViewRootImpl""}"
375001,reflection,Method.invoke,"{""class"": ""android.view.View"", ""method"": ""getViewRootImpl""}"
375020,reflection,Method.invoke,"{""class"": ""android.view.View"", ""method"": ""getViewRootImpl""}"
375040,reflection,Method.invoke,"{""class"": ""android.view.View"", ""method"": ""getViewRootImpl""}"
375068,reflection,Method.invoke,"{""class"": ""android.view.View"", ""method"": ""getViewRootImpl""}"
375085,reflection,Method.invoke,"{""class"": ""android.view.View"", ""method"": ""getViewRootImpl""}"
375216,reflection,Method.invoke,"{""class"": ""android.view.View"", ""method"": ""getViewRootImpl""}"
375230,reflection,Method.invoke,"{""class"": ""android.view.View"", ""method"": ""getViewRootImpl""}"
375238,reflection,Method.invoke,"{""class"": ""android.view.View"", ""method"": ""getViewRootImpl""}"
375254,reflection,Method.invoke,"{""class"": ""android.view.View"", ""method"": ""getViewRootImpl""}"
375271,reflection,Method.invoke,"{""class"": ""android.view.View"", ""method"": ""getViewRootImpl""}"
375285,reflection,Method.invoke,"{""class"": ""android.view.View"", ""method"": ""getViewRootImpl""}"
375299,reflection,Method.invoke,"{""class"": ""android.view.View"", ""method"": ""getViewRootImpl""}"
375316,reflection,Method.invoke,"{""class"": ""android.view.View"", ""method"": ""getViewRootImpl""}"
375395,reflection,Method.invoke,"{""class"": ""android.view.View"", ""method"": ""getViewRootImpl""}"
375417,reflection,Method.invoke,"{""class"": ""android.view.View"", ""method"": ""getViewRootImpl""}"
375428,reflection,Method.invoke,"{""class"": ""android.view.View"", ""method"": ""getViewRootImpl""}"
375451,reflection,Method.invoke,"{""class"": ""android.view.View"", ""method"": ""getViewRootImpl""}"
375471,reflection,Method.invoke,"{""class"": ""android.view.View"", ""method"": ""getViewRootImpl""}"
375490,reflection,Method.invoke,"{""class"": ""android.view.View"", ""method"": ""getViewRootImpl""}"
375507,reflection,Method.invoke,"{""class"": ""android.view.View"", ""method"": ""getViewRootImpl""}"
375526,reflection,Method.invoke,"{""class"": ""android.view.View"", ""method"": ""getViewRootImpl""}"
396200,storage,SharedPreferences.apply,{}
396451,file_io,File.delete,"{""path"": ""/data/user/0/app.organicmaps/shared_prefs/OrganicMapsPrefs.xml.bak""}"
396674,reflection,Method.invoke,"{""class"": ""android.view.View"", ""method"": ""getViewRootImpl""}"
396707,reflection,Method.invoke,"{""class"": ""android.view.View"", ""method"": ""getViewRootImpl""}"
396737,reflection,Method.invoke,"{""class"": ""android.view.View"", ""method"": ""getViewRootImpl""}"
396774,reflection,Method.invoke,"{""class"": ""android.view.View"", ""method"": ""getViewRootImpl""}"
396801,reflection,Method.invoke,"{""class"": ""android.view.View"", ""method"": ""getViewRootImpl""}"
396844,reflection,Method.invoke,"{""class"": ""android.view.View"", ""method"": ""getViewRootImpl""}"
396889,reflection,Method.invoke,"{""class"": ""android.view.View"", ""method"": ""getViewRootImpl""}"
396921,reflection,Method.invoke,"{""class"": ""android.view.View"", ""method"": ""getViewRootImpl""}"
396955,reflection,Method.invoke,"{""class"": ""android.view.View"", ""method"": ""getViewRootImpl""}"
396980,reflection,Method.invoke,"{""class"": ""android.view.View"", ""method"": ""getViewRootImpl""}"
397068,reflection,Method.invoke,"{""class"": ""android.view.View"", ""method"": ""getViewRootImpl""}"
397102,reflection,Method.invoke,"{""class"": ""android.view.View"", ""method"": ""getViewRootImpl""}"
397143,reflection,Method.invoke,"{""class"": ""android.view.View"", ""method"": ""getViewRootImpl""}"
397181,reflection,Method.invoke,"{""class"": ""android.view.View"", ""method"": ""getViewRootImpl""}"
397228,reflection,Method.invoke,"{""class"": ""android.view.View"", ""method"": ""getViewRootImpl""}"
397304,reflection,Method.invoke,"{""class"": ""android.view.View"", ""method"": ""getViewRootImpl""}"
397305,reflection,Method.invoke,"{""class"": ""android.view.View"", ""method"": ""getViewRootImpl""}"
397305,reflection,Method.invoke,"{""class"": ""android.view.View"", ""method"": ""getViewRootImpl""}"
397309,reflection,Method.invoke,"{""class"": ""android.view.View"", ""method"": ""getViewRootImpl""}"
397309,reflection,Method.invoke,"{""class"": ""android.view.View"", ""method"": ""getViewRootImpl""}"
416685,storage,SharedPreferences.apply,{}
