app_id,gap_s
InfinityLoop1309.NewPipeEnhanced,466.665
InfinityLoop1309.NewPipeEnhanced,458.392
InfinityLoop1309.NewPipeEnhanced,2820260.552
InfinityLoop1309.NewPipeEnhanced,29645.088
InfinityLoop1309.NewPipeEnhanced,18588.734
InfinityLoop1309.NewPipeEnhanced,18287.36
a2dp.Vol,454.44
a2dp.Vol,486.021
ac.robinson.mediaphone,457.24
ac.robinson.mediaphone,459.71
ac.robinson.mediaphone,2780634.055
ac.robinson.mediaphone,17824.125
ac.robinson.mediaphone,17729.681
ac.robinson.mediaphone,29635.93
ac.robinson.mediaphone,18592.937
ac.robinson.mediaphone,18315.795
ademar.bitac,457.225
agrigolo.opendrummer,458.86
agrigolo.opendrummer,458.198
ai.susi,475.404
ai.susi,467.038
ai.susi,2770043.5
ai.susi,2890.592
ai.susi,17822.141
ai.susi,47365.923
ai.susi,18599.167
ai.susi,18322.754
anonvpn.anon_next.android,456.652
anonvpn.anon_next.android,463.654
anonvpn.anon_next.android,2658655.958
anonvpn.anon_next.android,30112.0
anonvpn.anon_next.android,18584.36
anonvpn.anon_next.android,18335.534
app.alextran.immich,449.443
app.alextran.immich,452.042
app.comaps.fdroid,472.846
app.comaps.fdroid,456.662
app.comaps.fdroid,2761333.28
app.comaps.fdroid,17809.218
app.comaps.fdroid,47631.025
app.comaps.fdroid,18579.16
app.crescentcash.src,469.548
app.crescentcash.src,453.848
app.fedilab.castlab,462.88
app.fedilab.castlab,454.659
app.fedilab.castlab,2754008.65
app.fedilab.castlab,34823.693
app.fedilab.castlab,30580.186
app.fedilab.castlab,36913.103
app.fedilab.mobilizon,461.856
app.fedilab.mobilizon,468.763
app.fedilab.nitterizeme,467.766
app.fedilab.nitterizeme,474.697
app.fedilab.nitterizeme,2750700.43
app.fedilab.nitterizeme,17551.62
app.fedilab.nitterizeme,17310.245
app.fedilab.nitterizeme,30548.638
app.fedilab.nitterizeme,18365.269
app.fedilab.nitterizeme,18545.044
app.fedilab.nitterizemelite,464.872
app.fedilab.nitterizemelite,464.007
app.fedilab.nitterizemelite,2749780.31
app.fedilab.nitterizemelite,17553.183
app.fedilab.nitterizemelite,17312.204
app.fedilab.nitterizemelite,30572.075
app.fedilab.nitterizemelite,18337.656
app.fedilab.nitterizemelite,18545.452
app.hypostats,448.769
app.hypostats,447.07
app.ladefuchs.android,451.351
app.ladefuchs.android,470.302
app.michaelwuensch.bitbanana,467.306
app.michaelwuensch.bitbanana,478.513
app.michaelwuensch.bitbanana,2741086.921
app.michaelwuensch.bitbanana,17563.923
app.michaelwuensch.bitbanana,17546.378
app.michaelwuensch.bitbanana,30591.719
app.michaelwuensch.bitbanana,18355.622
app.michaelwuensch.bitbanana,18537.664
app.notesr,488.567
app.notesr,455.352
app.organicmaps,461.561
app.organicmaps,461.886
app.organicmaps,2727523.477
app.organicmaps,7104.245
app.organicmaps,17567.207
app.pachli,468.255
app.pachli,459.814
app.prav.client,469.686
app.prav.client,462.251
app.prav.client,2728853.366
app.prav.client,17564.231
app.prav.client,17081.399
app.prav.client,30824.26
app.prav.client,18381.888
app.prav.client,18497.992
app.tice.TICE.production,459.334
app.tice.TICE.production,454.129
app.tice.TICE.production,2717307.922
app.tice.TICE.production,17560.587
app.tujice.jergasColombia,447.33
app.tujice.jergasColombia,446.637
app.tujice.jergasColombia,2714982.192
app.tujice.jergasColombia,17564.173
app.tujice.jergasColombia,17114.329
app.tujice.jergasColombia,30820.013
app.tujice.jergasColombia,18375.224
app.tujice.jergasColombia,18490.229
app.udderance,450.286
app.udderance,452.856
at.linuxtage.Eventfahrplan,457.563
at.linuxtage.Eventfahrplan,468.119
at.linuxtage.Eventfahrplan,2613343.159
at.linuxtage.Eventfahrplan,17553.14
at.linuxtage.Eventfahrplan,17124.575
at.linuxtage.Eventfahrplan,30822.296
at.linuxtage.Eventfahrplan,18376.851
at.linuxtage.Eventfahrplan,18488.673
at.manuelbichler.octalsuntime,451.636
at.manuelbichler.octalsuntime,450.878
at.mikenet.serbianlatintocyrillic,2611546.985
at.mikenet.serbianlatintocyrillic,17540.187
at.mikenet.serbianlatintocyrillic,47933.101
at.mikenet.serbianlatintocyrillic,36856.658
at.tomtasche.reader,466.682
at.tomtasche.reader,466.251
au.com.wallaceit.reddinator,446.304
au.com.wallaceit.reddinator,456.126
au.com.wallaceit.reddinator,2608027.311
au.com.wallaceit.reddinator,17532.275
au.com.wallaceit.reddinator,16882.732
au.com.wallaceit.reddinator,31057.897
au.com.wallaceit.reddinator,18132.998
au.com.wallaceit.reddinator,18723.133
barilyuk.batterytemperature,458.696
barilyuk.batterytemperature,462.739
barilyuk.batterytemperature,2599914.387
barilyuk.batterytemperature,17546.116
barilyuk.batterytemperature,16867.462
barilyuk.batterytemperature,31059.856
barilyuk.batterytemperature,18142.153
barilyuk.batterytemperature,18720.427
be.digitalia.fosdem,455.972
be.digitalia.fosdem,468.57
be.digitalia.fosdem,2594315.118
be.digitalia.fosdem,17563.092
be.digitalia.fosdem,16833.635
be.digitalia.fosdem,31082.909
be.digitalia.fosdem,18141.919
be.mygod.vpnhotspot_foss,462.547
be.mygod.vpnhotspot_foss,463.281
be.mygod.vpnhotspot_foss,2591365.193
be.mygod.vpnhotspot_foss,17549.181
be.mygod.vpnhotspot_foss,16841.42
be.mygod.vpnhotspot_foss,31092.663
be.mygod.vpnhotspot_foss,18132.198
biz.binarysolutions.mindfulnessmeditation,481.533
biz.binarysolutions.mindfulnessmeditation,478.879
biz.binarysolutions.mindfulnessmeditation,2619794.281
biz.binarysolutions.mindfulnessmeditation,31082.878
biz.binarysolutions.mindfulnessmeditation,18141.112
biz.binarysolutions.stress,450.315
biz.binarysolutions.stress,454.323
biz.binarysolutions.vatcalculator,463.005
biz.binarysolutions.vatcalculator,459.817
biz.binarysolutions.vatcalculator,2582202.529
biz.binarysolutions.vatcalculator,17538.344
biz.binarysolutions.vatcalculator,17099.515
biz.binarysolutions.vatcalculator,31063.572
biz.binarysolutions.vatcalculator,18162.438
bluepie.ad_silence,480.363
bluepie.ad_silence,465.478
bluepie.ad_silence,2579876.758
bluepie.ad_silence,17541.208
bluepie.ad_silence,17096.859
bluepie.ad_silence,31097.019
bluepie.ad_silence,18159.892
br.odb.knights,449.08
br.odb.knights,450.227
btools.routingapp,461.444
btools.routingapp,460.491
buet.rafi.dictionary,485.535
buet.rafi.dictionary,485.767
bus.chio.wishmaster,448.332
bus.chio.wishmaster,450.187
bus.chio.wishmaster,2574081.873
bus.chio.wishmaster,17515.107
bus.chio.wishmaster,17075.938
bus.chio.wishmaster,31119.836
bus.chio.wishmaster,18150.708
ca.andries.portknocker,458.226
ca.andries.portknocker,473.619
ca.chancehorizon.paseo,459.651
ca.chancehorizon.paseo,461.37
ca.chancehorizon.paseo,2569560.521
ca.chancehorizon.paseo,17509.528
ca.chancehorizon.paseo,17101.248
ca.chancehorizon.paseo,31113.022
ca.chancehorizon.paseo,18144.739
ca.farrelltonsolar.classic,455.655
ca.farrelltonsolar.classic,470.284
ca.farrelltonsolar.classic,2558808.76
ca.farrelltonsolar.classic,17512.469
ca.farrelltonsolar.classic,17113.519
ca.farrelltonsolar.classic,31101.228
ca.farrelltonsolar.classic,18148.408
ca.momi.lift,453.007
ca.momi.lift,459.571
ca.ramzan.delist,454.983
ca.ramzan.delist,454.114
ca.rmen.android.frenchcalendar,467.714
ca.rmen.android.frenchcalendar,474.834
ca.rmen.android.frenchcalendar,2517071.3
ca.rmen.android.frenchcalendar,17519.281
ca.rmen.android.frenchcalendar,17130.047
ca.rmen.android.frenchcalendar,31084.468
ca.rmen.android.frenchcalendar,18147.9
ca.rmen.android.scrumchatter,476.733
ca.rmen.android.scrumchatter,465.864
ca.rmen.android.scrumchatter,2515419.472
ca.rmen.android.scrumchatter,17512.889
ca.rmen.android.scrumchatter,17155.543
ca.rmen.android.scrumchatter,31070.536
ca.rmen.android.scrumchatter,18134.617
ca.rmen.nounours,463.123
ca.rmen.nounours,467.658
ca.rmen.nounours,2514516.59
ca.rmen.nounours,17501.533
ca.rmen.nounours,17139.254
ca.rmen.nounours,31069.429
ca.rmen.nounours,18136.714
cat.jordihernandez.cinecat,477.523
cat.jordihernandez.cinecat,480.449
cat.jordihernandez.cinecat,2509267.92
cat.jordihernandez.cinecat,17488.073
cat.jordihernandez.cinecat,17126.911
cat.jordihernandez.cinecat,31077.314
cat.jordihernandez.cinecat,18129.146
cc.kafuu.bilidownload,447.491
cc.kafuu.bilidownload,477.514
cf.playhi.freezeyou,488.566
cf.playhi.freezeyou,483.236
cf.playhi.freezeyou,2496903.595
cf.playhi.freezeyou,17491.163
cf.playhi.freezeyou,17151.24
cf.playhi.freezeyou,31065.623
cf.playhi.freezeyou,18131.005
ch.abertschi.waterme.water_me,937.757
ch.abertschi.waterme.water_me,2529057.713
ch.hgdev.toposuite,945.243
ch.hgdev.toposuite,2257175.054
ch.hgdev.toposuite,17514.621
ch.hgdev.toposuite,17128.203
ch.hgdev.toposuite,31077.105
ch.hgdev.toposuite,18104.23
ch.joshuah.bibleverseapp,463.982
ch.joshuah.bibleverseapp,456.422
ch.joshuah.bibleverseapp,2256045.015
ch.joshuah.bibleverseapp,17512.042
ch.joshuah.bibleverseapp,17137.791
ch.joshuah.bibleverseapp,31079.322
ch.joshuah.bibleverseapp,18104.787
ch.mydoli.focal,458.797
ch.mydoli.focal,459.042
ch.mydoli.focal,2254452.348
ch.mydoli.focal,17504.229
ch.mydoli.focal,17146.591
ch.mydoli.focal,31074.764
ch.mydoli.focal,18099.269
cityfreqs.com.pilfershushjammer,471.555
cityfreqs.com.pilfershushjammer,473.988
cityfreqs.com.pilfershushjammer,2236070.312
cityfreqs.com.pilfershushjammer,17488.363
cityfreqs.com.pilfershushjammer,17161.046
cityfreqs.com.pilfershushjammer,31063.444
cityfreqs.com.pilfershushjammer,18290.455
cl.coders.faketraveler,458.596
cl.coders.faketraveler,455.87
cl.coders.faketraveler,2235155.012
cl.coders.faketraveler,17477.623
cl.coders.faketraveler,17173.757
cl.coders.faketraveler,31059.99
cl.coders.faketraveler,18280.824
