app_id,session_id,n_mapped,wall_duration_s,idle_frac,events_per_min,W10_n_windows,W10_frac_zero_mapped,W10_frac_one_mapped,W10_frac_zero_edges,W35_n_windows,W35_frac_zero_mapped,W35_frac_one_mapped,W35_frac_zero_edges,W60_n_windows,W60_frac_zero_mapped,W60_frac_one_mapped,W60_frac_zero_edges,W120_n_windows,W120_frac_zero_mapped,W120_frac_one_mapped,W120_frac_zero_edges
InfinityLoop1309.NewPipeEnhanced,b77ab89fd70e_llm_s1,388,465.887,0.9635193133047211,49.969198539560026,47,0.7872340425531915,0.0,0.8297872340425532,14,0.42857142857142855,0.0,0.5,8,0.125,0.0,0.25,4,0.0,0.0,0.0
InfinityLoop1309.NewPipeEnhanced,b77ab89fd70e_llm_s2,1329,457.581,0.9126637554585153,174.26422862837398,46,0.5652173913043478,0.06521739130434782,0.6739130434782609,14,0.2857142857142857,0.14285714285714285,0.5,8,0.125,0.125,0.375,4,0.0,0.0,0.25
InfinityLoop1309.NewPipeEnhanced,b77ab89fd70e_llm_s3,360,463.485,0.9655172413793104,46.603449949836566,47,0.8085106382978723,0.02127659574468085,0.8723404255319149,14,0.5,0.0,0.5714285714285714,8,0.25,0.0,0.375,4,0.0,0.0,0.0
InfinityLoop1309.NewPipeEnhanced,b77ab89fd70e_llm_s6,656,469.063,0.8592750533049041,83.91196918111213,47,0.44680851063829785,0.02127659574468085,0.7021276595744681,14,0.14285714285714285,0.0,0.35714285714285715,8,0.0,0.0,0.125,4,0.0,0.0,0.0
InfinityLoop1309.NewPipeEnhanced,b77ab89fd70e_llm_s7,670,459.157,0.8543478260869566,87.5517524506868,46,0.43478260869565216,0.043478260869565216,0.782608695652174,14,0.14285714285714285,0.0,0.35714285714285715,8,0.0,0.0,0.125,4,0.0,0.0,0.0
InfinityLoop1309.NewPipeEnhanced,b77ab89fd70e_llm_s8,656,464.169,0.8666666666666667,84.79670120150205,47,0.44680851063829785,0.0425531914893617,0.7021276595744681,14,0.14285714285714285,0.0,0.35714285714285715,8,0.0,0.0,0.125,4,0.0,0.0,0.0
InfinityLoop1309.NewPipeEnhanced,b77ab89fd70e_llm_s9,607,492.628,0.8722109533468559,73.93002427795415,50,0.5,0.02,0.72,15,0.2,0.0,0.4,9,0.1111111111111111,0.0,0.3333333333333333,5,0.2,0.0,0.2
a2dp.Vol,f67ef52502fa_llm_s1,2,453.626,0.9955947136563876,0.2645351016035236,46,0.9565217391304348,0.043478260869565216,1.0,13,0.8461538461538461,0.15384615384615385,1.0,8,0.75,0.25,1.0,4,0.75,0.0,1.0
a2dp.Vol,f67ef52502fa_llm_s2,2,485.304,0.9958847736625515,0.24726769200336285,49,0.9591836734693877,0.04081632653061224,1.0,14,0.8571428571428571,0.14285714285714285,1.0,9,0.7777777777777778,0.2222222222222222,1.0,5,0.8,0.0,1.0
a2dp.Vol,f67ef52502fa_llm_s3,2,453.043,0.9955947136563876,0.2648755195422951,46,0.9565217391304348,0.043478260869565216,1.0,13,0.8461538461538461,0.15384615384615385,1.0,8,0.75,0.25,1.0,4,0.75,0.0,1.0
ac.robinson.mediaphone,497e019dc8a1_llm_s1,784,456.593,0.87527352297593,103.02391845691896,46,0.4782608695652174,0.021739130434782608,0.5434782608695652,14,0.21428571428571427,0.07142857142857142,0.35714285714285715,8,0.125,0.125,0.25,4,0.0,0.25,0.25
ac.robinson.mediaphone,497e019dc8a1_llm_s2,760,458.983,0.8779956427015251,99.35008486153082,46,0.5434782608695652,0.021739130434782608,0.5869565217391305,14,0.2857142857142857,0.07142857142857142,0.42857142857142855,8,0.25,0.125,0.375,4,0.0,0.25,0.25
ac.robinson.mediaphone,497e019dc8a1_llm_s3,1034,449.168,0.8533333333333333,138.12203896982868,45,0.4,0.022222222222222223,0.4444444444444444,13,0.0,0.0,0.07692307692307693,8,0.0,0.0,0.0,4,0.0,0.0,0.0
ac.robinson.mediaphone,497e019dc8a1_llm_s4,771,448.049,0.8794642857142857,103.24763586125626,45,0.5111111111111111,0.022222222222222223,0.5555555555555556,13,0.15384615384615385,0.07692307692307693,0.3076923076923077,8,0.125,0.125,0.25,4,0.0,0.25,0.25
ac.robinson.mediaphone,497e019dc8a1_llm_s5,1046,445.904,0.8542600896860987,140.7477842764362,45,0.4,0.022222222222222223,0.4666666666666667,13,0.0,0.0,0.07692307692307693,8,0.0,0.0,0.0,4,0.0,0.0,0.0
ac.robinson.mediaphone,497e019dc8a1_llm_s6,754,446.326,0.8814317673378076,101.3608886777826,45,0.4888888888888889,0.022222222222222223,0.5555555555555556,13,0.23076923076923078,0.07692307692307693,0.38461538461538464,8,0.125,0.125,0.375,4,0.0,0.25,0.25
ac.robinson.mediaphone,497e019dc8a1_llm_s7,1028,446.378,0.8568232662192394,138.17885290045658,45,0.4,0.022222222222222223,0.4666666666666667,13,0.0,0.0,0.07692307692307693,8,0.0,0.0,0.0,4,0.0,0.0,0.0
ac.robinson.mediaphone,497e019dc8a1_llm_s8,841,452.653,0.8719646799116998,111.47611967666181,46,0.4782608695652174,0.021739130434782608,0.5434782608695652,13,0.07692307692307693,0.07692307692307693,0.23076923076923078,8,0.0,0.125,0.125,4,0.0,0.0,0.0
ac.robinson.mediaphone,497e019dc8a1_llm_s9,1039,459.601,0.8586956521739131,135.63939155920028,46,0.391304347826087,0.021739130434782608,0.4782608695652174,14,0.07142857142857142,0.0,0.14285714285714285,8,0.0,0.0,0.0,4,0.0,0.0,0.0
ademar.bitac,3f8f31a5b92b_llm_s1,32,456.576,0.9299781181619255,4.205214465937763,46,0.5,0.30434782608695654,1.0,14,0.35714285714285715,0.07142857142857142,0.8571428571428571,8,0.125,0.125,0.75,4,0.0,0.25,0.75
ademar.bitac,3f8f31a5b92b_llm_s2,32,445.423,0.9282511210762332,4.31050933606931,45,0.4888888888888889,0.3111111111111111,1.0,13,0.3076923076923077,0.07692307692307693,0.8461538461538461,8,0.125,0.125,0.75,4,0.0,0.25,0.75
agrigolo.opendrummer,9347877bc340_llm_s1,2,458.161,0.9956427015250545,0.26191666248327555,46,0.9565217391304348,0.043478260869565216,1.0,14,0.8571428571428571,0.14285714285714285,1.0,8,0.75,0.25,1.0,4,0.75,0.0,1.0
agrigolo.opendrummer,9347877bc340_llm_s2,2,457.429,0.9956331877729258,0.26233579418882497,46,0.9565217391304348,0.043478260869565216,1.0,14,0.8571428571428571,0.14285714285714285,1.0,8,0.75,0.25,1.0,4,0.75,0.0,1.0
agrigolo.opendrummer,9347877bc340_llm_s3,2,450.648,0.9955654101995566,0.2662832188315492,46,0.9565217391304348,0.043478260869565216,1.0,13,0.8461538461538461,0.15384615384615385,1.0,8,0.75,0.25,1.0,4,0.75,0.0,1.0
ai.susi,6f8510108099_llm_s1,401,474.74,0.9494736842105264,50.68037241437418,48,0.6458333333333334,0.020833333333333332,0.6875,14,0.21428571428571427,0.07142857142857142,0.35714285714285715,8,0.125,0.0,0.125,4,0.0,0.0,0.0
ai.susi,6f8510108099_llm_s2,408,466.348,0.9443254817987152,52.49298806899568,47,0.5957446808510638,0.06382978723404255,0.6595744680851063,14,0.21428571428571427,0.14285714285714285,0.35714285714285715,8,0.0,0.125,0.125,4,0.0,0.0,0.0
ai.susi,6f8510108099_llm_s3,421,473.879,0.9409282700421941,53.304746570327026,48,0.625,0.020833333333333332,0.6458333333333334,14,0.2857142857142857,0.0,0.2857142857142857,8,0.125,0.0,0.125,4,0.0,0.0,0.0
ai.susi,6f8510108099_llm_s1,348,544.554,0.9504587155963302,38.34330479621856,55,0.7090909090909091,0.03636363636363636,0.7454545454545455,16,0.5,0.0,0.5,10,0.5,0.0,0.5,5,0.4,0.0,0.4
ai.susi,6f8510108099_llm_s5,420,471.47,0.9427966101694916,53.449848346660445,48,0.6875,0.020833333333333332,0.7291666666666666,14,0.2857142857142857,0.07142857142857142,0.35714285714285715,8,0.0,0.125,0.125,4,0.0,0.0,0.0
ai.susi,6f8510108099_llm_s6,368,459.084,0.954248366013072,48.09577332252921,46,0.6956521739130435,0.043478260869565216,0.7391304347826086,14,0.42857142857142855,0.0,0.42857142857142855,8,0.125,0.125,0.25,4,0.0,0.0,0.0
ai.susi,6f8510108099_llm_s7,69,472.596,0.9534883720930233,8.760124926998959,48,0.6875,0.020833333333333332,0.7083333333333334,14,0.2857142857142857,0.07142857142857142,0.35714285714285715,8,0.0,0.125,0.125,4,0.0,0.0,0.0
ai.susi,6f8510108099_llm_s8,74,457.865,0.9497816593886463,9.697181483625085,46,0.6304347826086957,0.021739130434782608,0.6521739130434783,14,0.2857142857142857,0.07142857142857142,0.35714285714285715,8,0.125,0.0,0.125,4,0.0,0.0,0.0
ai.susi,6f8510108099_llm_s9,69,470.595,0.9575371549893843,8.797373537755394,48,0.6666666666666666,0.041666666666666664,0.7083333333333334,14,0.2857142857142857,0.07142857142857142,0.35714285714285715,8,0.0,0.125,0.125,4,0.0,0.0,0.0
anonvpn.anon_next.android,2f4839ccdb6e_llm_s1,24,456.038,0.973741794310722,3.1576316008753658,46,0.782608695652174,0.10869565217391304,0.8913043478260869,14,0.5,0.07142857142857142,0.6428571428571429,8,0.25,0.125,0.5,4,0.25,0.0,0.25
anonvpn.anon_next.android,2f4839ccdb6e_llm_s2,21,463.005,0.9741379310344828,2.7213529011565747,47,0.7659574468085106,0.10638297872340426,0.8723404255319149,14,0.42857142857142855,0.21428571428571427,0.7142857142857143,8,0.125,0.25,0.5,4,0.0,0.0,0.25
anonvpn.anon_next.android,2f4839ccdb6e_llm_s3,23,461.114,0.974025974025974,2.9927523345636873,47,0.8085106382978723,0.06382978723404255,0.8723404255319149,14,0.5,0.14285714285714285,0.6428571428571429,8,0.25,0.125,0.375,4,0.25,0.0,0.25
anonvpn.anon_next.android,2f4839ccdb6e_llm_s6,19,471.939,0.9766949152542372,2.415566418541379,48,0.8333333333333334,0.0625,0.8958333333333334,14,0.5714285714285714,0.07142857142857142,0.7142857142857143,8,0.25,0.125,0.375,4,0.0,0.0,0.0
anonvpn.anon_next.android,2f4839ccdb6e_llm_s7,23,469.561,0.9744680851063829,2.9389152847020945,47,0.7872340425531915,0.06382978723404255,0.851063829787234,14,0.5,0.21428571428571427,0.7142857142857143,8,0.25,0.125,0.375,4,0.25,0.0,0.25
anonvpn.anon_next.android,2f4839ccdb6e_llm_s8,20,464.282,0.9763440860215054,2.584636061703878,47,0.8085106382978723,0.0851063829787234,0.8936170212765957,14,0.5,0.21428571428571427,0.7142857142857143,8,0.125,0.25,0.5,4,0.0,0.0,0.25
anonvpn.anon_next.android,2f4839ccdb6e_llm_s9,23,460.455,0.9761388286334056,2.997035540932339,47,0.8085106382978723,0.06382978723404255,0.8723404255319149,14,0.5,0.21428571428571427,0.7142857142857143,8,0.25,0.125,0.375,4,0.25,0.0,0.25
app.alextran.immich,efcaf058dff9_llm_s1,13,448.551,0.9844097995545658,1.7389326966164385,45,0.8444444444444444,0.022222222222222223,1.0,13,0.46153846153846156,0.07692307692307693,1.0,8,0.125,0.125,1.0,4,0.0,0.0,0.75
app.alextran.immich,efcaf058dff9_llm_s2,13,451.054,0.9845132743362832,1.7292829683363855,46,0.8478260869565217,0.021739130434782608,1.0,13,0.46153846153846156,0.07692307692307693,1.0,8,0.125,0.125,1.0,4,0.0,0.0,0.75
app.alextran.immich,efcaf058dff9_llm_s3,13,448.348,0.9844097995545658,1.7397200388983558,45,0.8444444444444444,0.022222222222222223,1.0,13,0.46153846153846156,0.07692307692307693,1.0,8,0.125,0.125,1.0,4,0.0,0.0,0.75
app.comaps.fdroid,47d583fd8b06_llm_s1,160,472.193,0.9069767441860466,20.33066987439458,48,0.6666666666666666,0.125,0.8958333333333334,14,0.5,0.0,0.5714285714285714,8,0.125,0.25,0.5,4,0.0,0.0,0.0
app.comaps.fdroid,47d583fd8b06_llm_s2,148,455.9,0.9210526315789473,19.477955692037728,46,0.6956521739130435,0.15217391304347827,0.8913043478260869,14,0.5,0.14285714285714285,0.7142857142857143,8,0.375,0.0,0.5,4,0.25,0.0,0.25
app.comaps.fdroid,47d583fd8b06_llm_s3,157,471.578,0.9152542372881356,19.975486557897103,48,0.7083333333333334,0.10416666666666667,0.9166666666666666,14,0.5,0.14285714285714285,0.7142857142857143,8,0.375,0.0,0.5,4,0.25,0.0,0.25
app.comaps.fdroid,47d583fd8b06_llm_s5,157,487.363,0.9200819672131147,19.328508729632738,49,0.7551020408163265,0.061224489795918366,0.9183673469387755,14,0.5,0.14285714285714285,0.7142857142857143,9,0.3333333333333333,0.3333333333333333,0.6666666666666666,5,0.4,0.0,0.4
app.comaps.fdroid,47d583fd8b06_llm_s6,157,450.187,0.9068736141906873,20.924637983771188,46,0.6956521739130435,0.10869565217391304,0.8695652173913043,13,0.38461538461538464,0.23076923076923078,0.6923076923076923,8,0.25,0.125,0.375,4,0.25,0.0,0.25
app.comaps.fdroid,47d583fd8b06_llm_s7,241,452.153,0.9050772626931567,31.980325243888682,46,0.45652173913043476,0.13043478260869565,0.9782608695652174,13,0.15384615384615385,0.15384615384615385,0.6923076923076923,8,0.0,0.25,0.625,4,0.0,0.0,0.25
app.comaps.fdroid,47d583fd8b06_llm_s8,221,450.439,0.9090909090909091,29.437948312646107,46,0.45652173913043476,0.13043478260869565,0.9565217391304348,13,0.07692307692307693,0.3076923076923077,0.6923076923076923,8,0.0,0.125,0.625,4,0.0,0.0,0.25
app.crescentcash.src,a02b64c18d0e_llm_s1,6,468.829,0.9957356076759062,0.7678705882102003,47,0.9574468085106383,0.0,1.0,14,0.8571428571428571,0.0,1.0,8,0.75,0.0,1.0,4,0.5,0.0,1.0
app.crescentcash.src,a02b64c18d0e_llm_s2,6,453.112,0.9955947136563876,0.7945055527110294,46,0.9565217391304348,0.0,1.0,13,0.8461538461538461,0.0,1.0,8,0.75,0.0,1.0,4,0.5,0.0,1.0
app.crescentcash.src,a02b64c18d0e_llm_s3,6,454.076,0.9956043956043956,0.7928188232806843,46,0.9565217391304348,0.0,1.0,13,0.8461538461538461,0.0,1.0,8,0.75,0.0,1.0,4,0.5,0.0,1.0
app.fedilab.castlab,5719f3b34f71_llm_s1,69,462.134,0.9438444924406048,8.958440625446299,47,0.7021276595744681,0.10638297872340426,0.8936170212765957,14,0.2857142857142857,0.0,0.6428571428571429,8,0.0,0.0,0.375,4,0.0,0.0,0.25
app.fedilab.castlab,5719f3b34f71_llm_s2,92,453.999,0.9427312775330396,12.158617089464954,46,0.6304347826086957,0.15217391304347827,0.8260869565217391,13,0.15384615384615385,0.0,0.46153846153846156,8,0.0,0.0,0.25,4,0.0,0.0,0.0
app.fedilab.castlab,5719f3b34f71_llm_s3,79,454.567,0.9252747252747253,10.427505736228103,46,0.5869565217391305,0.08695652173913043,0.8913043478260869,13,0.15384615384615385,0.0,0.6923076923076923,8,0.0,0.0,0.5,4,0.0,0.0,0.25
app.fedilab.castlab,5719f3b34f71_llm_s4,48,450.474,0.9578713968957872,6.393265760066064,46,0.782608695652174,0.10869565217391304,0.9347826086956522,13,0.3076923076923077,0.23076923076923078,0.7692307692307693,8,0.25,0.125,0.5,4,0.0,0.25,0.25
app.fedilab.castlab,5719f3b34f71_llm_s6,64,459.174,0.9391304347826087,8.362842843889245,46,0.6739130434782609,0.13043478260869565,0.9347826086956522,14,0.42857142857142855,0.0,0.7857142857142857,8,0.25,0.125,0.625,4,0.25,0.0,0.5
app.fedilab.castlab,5719f3b34f71_llm_s7,65,454.926,0.9406593406593406,8.572822832724443,46,0.6304347826086957,0.15217391304347827,0.9347826086956522,13,0.23076923076923078,0.0,0.6153846153846154,8,0.125,0.125,0.625,4,0.0,0.0,0.5
app.fedilab.castlab,5719f3b34f71_llm_s9,58,452.467,0.9492273730684326,7.6911686377128055,46,0.7608695652173914,0.06521739130434782,0.8913043478260869,13,0.3076923076923077,0.15384615384615385,0.6923076923076923,8,0.25,0.125,0.5,4,0.25,0.0,0.25
app.fedilab.mobilizon,9b7a3d5efee6_llm_s1,127,461.041,0.974025974025974,16.527814229103267,47,0.8085106382978723,0.0851063829787234,0.8936170212765957,14,0.5,0.14285714285714285,0.7142857142857143,8,0.5,0.0,0.75,4,0.5,0.0,0.5
app.fedilab.mobilizon,9b7a3d5efee6_llm_s2,127,468.071,0.9786780383795309,16.279581516479336,47,0.8297872340425532,0.0851063829787234,0.9148936170212766,14,0.5714285714285714,0.14285714285714285,0.7857142857142857,8,0.5,0.0,0.75,4,0.5,0.0,0.5
app.fedilab.mobilizon,9b7a3d5efee6_llm_s3,127,461.144,0.9783549783549783,16.52412261679649,47,0.8085106382978723,0.0851063829787234,0.8936170212765957,14,0.5,0.14285714285714285,0.7142857142857143,8,0.5,0.0,0.75,4,0.5,0.0,0.5
app.fedilab.nitterizeme,bcf251559ee4_llm_s1,199,467.049,0.9572649572649573,25.564769435326916,47,0.7446808510638298,0.0,0.9148936170212766,14,0.42857142857142855,0.0,0.8571428571428571,8,0.25,0.0,0.75,4,0.0,0.0,0.75
app.fedilab.nitterizeme,bcf251559ee4_llm_s2,228,474.037,0.96,28.858506825416583,48,0.7291666666666666,0.0,0.9166666666666666,14,0.42857142857142855,0.0,0.8571428571428571,8,0.25,0.0,0.75,4,0.0,0.0,0.75
app.fedilab.nitterizeme,bcf251559ee4_llm_s3,168,458.789,0.9651416122004357,21.97088421910726,46,0.8260869565217391,0.0,0.9130434782608695,14,0.6428571428571429,0.0,0.8571428571428571,8,0.625,0.0,0.75,4,0.5,0.0,0.75
app.fedilab.nitterizeme,bcf251559ee4_llm_s4,168,467.622,0.9658119658119658,21.555872050502327,47,0.7872340425531915,0.0,0.9148936170212766,14,0.7142857142857143,0.0,0.8571428571428571,8,0.5,0.0,0.75,4,0.25,0.0,0.75
app.fedilab.nitterizeme,bcf251559ee4_llm_s5,199,469.312,0.9553191489361702,25.441497340788217,47,0.7659574468085106,0.0,0.9148936170212766,14,0.5,0.0,0.8571428571428571,8,0.375,0.0,0.75,4,0.0,0.0,0.75
app.fedilab.nitterizeme,bcf251559ee4_llm_s6,170,471.229,0.961864406779661,21.64552690942196,48,0.75,0.0,0.9166666666666666,14,0.5714285714285714,0.0,0.8571428571428571,8,0.375,0.0,0.75,4,0.0,0.0,0.75
app.fedilab.nitterizeme,bcf251559ee4_llm_s7,199,494.619,0.9656565656565657,24.139792446307155,50,0.76,0.0,0.92,15,0.6,0.0,0.8666666666666667,9,0.4444444444444444,0.0,0.7777777777777778,5,0.2,0.0,0.8
app.fedilab.nitterizeme,bcf251559ee4_llm_s8,226,467.237,0.9636752136752137,29.021674225286095,47,0.7659574468085106,0.0,0.9148936170212766,14,0.5,0.0,0.8571428571428571,8,0.375,0.0,0.75,4,0.0,0.0,0.75
app.fedilab.nitterizeme,bcf251559ee4_llm_s9,199,467.585,0.9594017094017094,25.535464140209804,47,0.7446808510638298,0.0,0.9148936170212766,14,0.42857142857142855,0.0,0.8571428571428571,8,0.25,0.0,0.75,4,0.0,0.0,0.75
app.fedilab.nitterizemelite,30ae40611f5f_llm_s1,199,464.254,0.9612903225806452,25.718679860593554,47,0.723404255319149,0.0,0.9148936170212766,14,0.5,0.0,0.7857142857142857,8,0.375,0.0,0.75,4,0.0,0.0,0.75
app.fedilab.nitterizemelite,30ae40611f5f_llm_s2,199,463.357,0.9547413793103449,25.76846794156557,47,0.723404255319149,0.0,0.8936170212765957,14,0.5,0.0,0.7857142857142857,8,0.5,0.0,0.75,4,0.25,0.0,0.75
app.fedilab.nitterizemelite,30ae40611f5f_llm_s3,199,456.329,0.9562363238512035,26.165332468460253,46,0.717391304347826,0.021739130434782608,0.9347826086956522,14,0.5,0.0,0.7857142857142857,8,0.375,0.0,0.75,4,0.0,0.0,0.75
app.fedilab.nitterizemelite,30ae40611f5f_llm_s4,199,456.27,0.9584245076586433,26.16871589190611,46,0.6956521739130435,0.0,0.8913043478260869,14,0.5714285714285714,0.0,0.7857142857142857,8,0.375,0.0,0.75,4,0.0,0.0,0.75
app.fedilab.nitterizemelite,30ae40611f5f_llm_s5,199,452.463,0.9624724061810155,26.38889809774501,46,0.717391304347826,0.0,0.9130434782608695,13,0.46153846153846156,0.0,0.7692307692307693,8,0.375,0.0,0.75,4,0.0,0.0,0.75
app.fedilab.nitterizemelite,30ae40611f5f_llm_s6,226,456.533,0.9606126914660832,29.70212449045304,46,0.7391304347826086,0.0,0.9130434782608695,14,0.5,0.0,0.7857142857142857,8,0.375,0.0,0.75,4,0.0,0.0,0.75
app.fedilab.nitterizemelite,30ae40611f5f_llm_s7,228,460.353,0.9566160520607375,29.71632638431812,47,0.7021276595744681,0.0,0.9148936170212766,14,0.5,0.0,0.7857142857142857,8,0.25,0.0,0.75,4,0.0,0.0,0.75
app.fedilab.nitterizemelite,30ae40611f5f_llm_s8,170,483.002,0.9627329192546584,21.117924977536326,49,0.7755102040816326,0.0,0.9183673469387755,14,0.5714285714285714,0.0,0.7857142857142857,9,0.5555555555555556,0.0,0.7777777777777778,5,0.4,0.0,0.8
app.fedilab.nitterizemelite,30ae40611f5f_llm_s9,199,482.303,0.9606625258799172,24.756221711247907,49,0.7346938775510204,0.0,0.9183673469387755,14,0.5714285714285714,0.0,0.7857142857142857,9,0.4444444444444444,0.0,0.7777777777777778,5,0.2,0.0,0.8
app.hypostats,56ba09e3fd7c_llm_s1,2,448.176,0.9955456570155902,0.2677519545892685,45,0.9555555555555556,0.044444444444444446,1.0,13,0.8461538461538461,0.15384615384615385,1.0,8,0.75,0.25,1.0,4,0.5,0.5,1.0
app.hypostats,56ba09e3fd7c_llm_s2,2,446.505,0.9955257270693513,0.26875398931702893,45,0.9555555555555556,0.044444444444444446,1.0,13,0.8461538461538461,0.15384615384615385,1.0,8,0.75,0.25,1.0,4,0.5,0.5,1.0
app.hypostats,56ba09e3fd7c_llm_s3,2,445.702,0.9955156950672646,0.2692381905398675,45,0.9555555555555556,0.044444444444444446,1.0,13,0.8461538461538461,0.15384615384615385,1.0,8,0.75,0.25,1.0,4,0.5,0.5,1.0
app.ladefuchs.android,0f0dc4577a45_llm_s1,106,450.572,0.975609756097561,14.115391102864802,46,0.8260869565217391,0.0,0.8695652173913043,13,0.46153846153846156,0.0,0.5384615384615384,8,0.25,0.0,0.5,4,0.0,0.0,0.25
app.ladefuchs.android,0f0dc4577a45_llm_s2,101,469.366,0.9744680851063829,12.911033180929168,47,0.8297872340425532,0.02127659574468085,0.8723404255319149,14,0.5,0.07142857142857142,0.6428571428571429,8,0.375,0.0,0.5,4,0.0,0.0,0.25
app.ladefuchs.android,0f0dc4577a45_llm_s3,113,456.533,0.975929978118162,14.85106224522652,46,0.8043478260869565,0.0,0.8695652173913043,14,0.5,0.0,0.6428571428571429,8,0.25,0.0,0.5,4,0.0,0.0,0.25
app.michaelwuensch.bitbanana,36bdbc1733f0_llm_s1,1941,466.445,0.892933618843683,249.67573883308856,47,0.48936170212765956,0.06382978723404255,0.574468085106383,14,0.07142857142857142,0.0,0.07142857142857142,8,0.0,0.0,0.0,4,0.0,0.0,0.0
app.michaelwuensch.bitbanana,36bdbc1733f0_llm_s2,1941,477.837,0.897489539748954,243.72327802158478,48,0.5,0.0625,0.5833333333333334,14,0.07142857142857142,0.07142857142857142,0.14285714285714285,8,0.0,0.0,0.0,4,0.0,0.0,0.0
app.michaelwuensch.bitbanana,36bdbc1733f0_llm_s3,1941,472.853,0.8942917547568711,246.29218805844522,48,0.5,0.041666666666666664,0.5625,14,0.07142857142857142,0.07142857142857142,0.14285714285714285,8,0.0,0.0,0.0,4,0.0,0.0,0.0
app.michaelwuensch.bitbanana,36bdbc1733f0_llm_s4,1941,477.777,0.893305439330544,243.7538851807433,48,0.5,0.08333333333333333,0.6041666666666666,14,0.07142857142857142,0.0,0.07142857142857142,8,0.0,0.0,0.0,4,0.0,0.0,0.0
app.michaelwuensch.bitbanana,36bdbc1733f0_llm_s5,1941,481.128,0.9002079002079002,242.0561680051878,49,0.5102040816326531,0.02040816326530612,0.5714285714285714,14,0.14285714285714285,0.0,0.14285714285714285,9,0.1111111111111111,0.0,0.1111111111111111,5,0.2,0.0,0.2
app.michaelwuensch.bitbanana,36bdbc1733f0_llm_s6,242,470.884,0.9278131634819533,30.835619812947563,48,0.5416666666666666,0.22916666666666666,0.8541666666666666,14,0.21428571428571427,0.07142857142857142,0.5,8,0.0,0.125,0.25,4,0.0,0.0,0.0
app.michaelwuensch.bitbanana,36bdbc1733f0_llm_s7,421,482.322,0.9109730848861284,52.37165213280754,49,0.5306122448979592,0.08163265306122448,0.7142857142857143,14,0.07142857142857142,0.0,0.14285714285714285,9,0.1111111111111111,0.0,0.1111111111111111,5,0.2,0.0,0.2
app.michaelwuensch.bitbanana,36bdbc1733f0_llm_s8,243,505.83,0.9328063241106719,28.823913172409704,51,0.5294117647058824,0.2549019607843137,0.8627450980392157,15,0.13333333333333333,0.26666666666666666,0.5333333333333333,9,0.1111111111111111,0.0,0.2222222222222222,5,0.2,0.0,0.2
app.michaelwuensch.bitbanana,36bdbc1733f0_llm_s9,256,468.924,0.9253731343283582,32.755841031809,47,0.5106382978723404,0.23404255319148937,0.8085106382978723,14,0.14285714285714285,0.2857142857142857,0.5,8,0.125,0.0,0.125,4,0.0,0.0,0.0
app.notesr,3d3afadebd74_llm_s1,2,487.905,0.9959016393442623,0.2459495188612537,49,0.9591836734693877,0.04081632653061224,1.0,14,0.8571428571428571,0.14285714285714285,1.0,9,0.7777777777777778,0.2222222222222222,1.0,5,0.6,0.4,1.0
app.notesr,3d3afadebd74_llm_s2,1,454.617,0.9978021978021978,0.13197922646975366,46,0.9782608695652174,0.021739130434782608,1.0,13,0.9230769230769231,0.07692307692307693,1.0,8,0.875,0.125,1.0,4,0.75,0.25,1.0
app.notesr,3d3afadebd74_llm_s3,2,470.071,0.9957537154989384,0.25528058527328845,48,0.9583333333333334,0.041666666666666664,1.0,14,0.8571428571428571,0.14285714285714285,1.0,8,0.75,0.25,1.0,4,0.5,0.5,1.0
app.organicmaps,4862fbeed029_llm_s1,145,460.864,0.9674620390455532,18.8775864463269,47,0.7446808510638298,0.14893617021276595,0.9148936170212766,14,0.5,0.14285714285714285,0.7142857142857143,8,0.25,0.25,0.5,4,0.0,0.25,0.25
app.organicmaps,4862fbeed029_llm_s2,142,461.21,0.9718614718614719,18.473146722751025,47,0.7872340425531915,0.1276595744680851,0.9361702127659575,14,0.5714285714285714,0.14285714285714285,0.7857142857142857,8,0.375,0.25,0.625,4,0.25,0.25,0.5
app.organicmaps,4862fbeed029_llm_s3,142,448.538,0.9732739420935412,18.99504612764136,45,0.8222222222222222,0.08888888888888889,0.9333333333333333,13,0.5384615384615384,0.15384615384615385,0.7692307692307693,8,0.375,0.25,0.625,4,0.25,0.25,0.5
app.organicmaps,4862fbeed029_llm_s1,125,450.983,0.9711751662971175,16.630338615868002,46,0.782608695652174,0.15217391304347827,0.9565217391304348,13,0.6153846153846154,0.07692307692307693,0.6923076923076923,8,0.5,0.125,0.625,4,0.25,0.25,0.5
app.organicmaps,4862fbeed029_llm_s5,168,453.822,0.9361233480176212,22.211351587186165,46,0.5652173913043478,0.13043478260869565,0.8913043478260869,13,0.23076923076923078,0.15384615384615385,0.6153846153846154,8,0.0,0.125,0.25,4,0.0,0.0,0.0
app.organicmaps,4862fbeed029_llm_s6,168,450.863,0.9379157427937915,22.35712400440932,46,0.5434782608695652,0.1956521739130435,0.9347826086956522,13,0.3076923076923077,0.07692307692307693,0.6153846153846154,8,0.0,0.125,0.5,4,0.0,0.0,0.25
app.pachli,6187300de1fe_llm_s1,12,467.563,0.9957264957264957,1.5398994360118317,47,0.9574468085106383,0.0,1.0,14,0.8571428571428571,0.0,1.0,8,0.75,0.0,1.0,4,0.5,0.0,1.0
app.pachli,6187300de1fe_llm_s2,12,459.11,0.9956521739130435,1.5682516172594803,46,0.9565217391304348,0.0,1.0,14,0.8571428571428571,0.0,1.0,8,0.75,0.0,1.0,4,0.5,0.0,1.0
app.pachli,6187300de1fe_llm_s3,12,461.54,0.9956709956709957,1.5599948000173331,47,0.9574468085106383,0.0,1.0,14,0.8571428571428571,0.0,1.0,8,0.75,0.0,1.0,4,0.5,0.0,1.0
app.prav.client,e4a6cdb972a2_llm_s1,254,468.796,0.9872068230277186,32.50880980213142,47,0.8723404255319149,0.06382978723404255,0.9361702127659575,14,0.5714285714285714,0.21428571428571427,0.7857142857142857,8,0.25,0.375,0.625,4,0.25,0.0,0.25
app.prav.client,e4a6cdb972a2_llm_s2,254,461.636,0.987012987012987,33.01302324775364,47,0.8723404255319149,0.06382978723404255,0.9361702127659575,14,0.5714285714285714,0.21428571428571427,0.7857142857142857,8,0.25,0.375,0.625,4,0.25,0.0,0.25
app.prav.client,e4a6cdb972a2_llm_s3,254,469.59,0.9829787234042553,32.45384271385677,47,0.8723404255319149,0.06382978723404255,0.9361702127659575,14,0.5714285714285714,0.21428571428571427,0.7857142857142857,8,0.25,0.375,0.625,4,0.25,0.0,0.25
app.prav.client,e4a6cdb972a2_llm_s4,254,464.823,0.9849462365591398,32.78667363706185,47,0.8723404255319149,0.06382978723404255,0.9361702127659575,14,0.5714285714285714,0.21428571428571427,0.7857142857142857,8,0.25,0.375,0.625,4,0.25,0.0,0.25
app.prav.client,e4a6cdb972a2_llm_s5,254,461.222,0.9848484848484849,33.04265624796736,47,0.8723404255319149,0.06382978723404255,0.9361702127659575,14,0.5714285714285714,0.21428571428571427,0.7857142857142857,8,0.25,0.375,0.625,4,0.25,0.0,0.25
app.prav.client,e4a6cdb972a2_llm_s6,254,464.581,0.9849462365591398,32.80375219821732,47,0.8723404255319149,0.06382978723404255,0.9361702127659575,14,0.5714285714285714,0.21428571428571427,0.7857142857142857,8,0.25,0.375,0.625,4,0.25,0.0,0.25
app.prav.client,e4a6cdb972a2_llm_s7,254,464.9,0.9849462365591398,32.78124327812433,47,0.8723404255319149,0.06382978723404255,0.9361702127659575,14,0.5714285714285714,0.21428571428571427,0.7857142857142857,8,0.25,0.375,0.625,4,0.25,0.0,0.25
app.prav.client,e4a6cdb972a2_llm_s8,254,459.759,0.9847826086956522,33.14780134809759,46,0.8695652173913043,0.06521739130434782,0.9347826086956522,14,0.5714285714285714,0.21428571428571427,0.7857142857142857,8,0.25,0.375,0.625,4,0.25,0.0,0.25
app.prav.client,e4a6cdb972a2_llm_s9,254,460.482,0.9848156182212582,33.09575618590954,47,0.8723404255319149,0.06382978723404255,0.9361702127659575,14,0.5714285714285714,0.21428571428571427,0.7857142857142857,8,0.25,0.375,0.625,4,0.25,0.0,0.25
app.tice.TICE.production,648d8ddb49f4_llm_s1,833,458.562,0.9193899782135077,108.9928951810224,46,0.6304347826086957,0.10869565217391304,0.7608695652173914,14,0.35714285714285715,0.14285714285714285,0.6428571428571429,8,0.25,0.125,0.5,4,0.0,0.25,0.5
app.tice.TICE.production,648d8ddb49f4_llm_s2,780,453.546,0.920704845814978,103.1868873278565,46,0.5652173913043478,0.13043478260869565,0.7391304347826086,13,0.3076923076923077,0.23076923076923078,0.6153846153846154,8,0.25,0.0,0.5,4,0.0,0.0,0.5
app.tice.TICE.production,648d8ddb49f4_llm_s3,892,457.729,0.9039301310043668,116.92508012382874,46,0.5652173913043478,0.13043478260869565,0.7391304347826086,14,0.35714285714285715,0.21428571428571427,0.6428571428571429,8,0.125,0.25,0.5,4,0.0,0.25,0.5
app.tice.TICE.production,648d8ddb49f4_llm_s4,722,446.714,0.9261744966442953,96.97479819302731,45,0.6222222222222222,0.08888888888888889,0.7555555555555555,13,0.38461538461538464,0.15384615384615385,0.6153846153846154,8,0.25,0.125,0.5,4,0.0,0.25,0.5
app.tice.TICE.production,648d8ddb49f4_llm_s5,797,450.298,0.9113082039911308,106.1963410896784,46,0.6086956521739131,0.10869565217391304,0.7608695652173914,13,0.23076923076923078,0.38461538461538464,0.6153846153846154,8,0.125,0.25,0.5,4,0.0,0.25,0.5
app.tujice.jergasColombia,ef6177e39b1d_llm_s1,11,446.692,0.9798657718120806,1.4775281401950338,45,0.8222222222222222,0.15555555555555556,0.9777777777777777,13,0.46153846153846156,0.38461538461538464,0.9230769230769231,8,0.25,0.375,0.875,4,0.0,0.25,0.75
app.tujice.jergasColombia,ef6177e39b1d_llm_s2,11,445.995,0.9820627802690582,1.4798372179060304,45,0.8222222222222222,0.15555555555555556,0.9777777777777777,13,0.46153846153846156,0.38461538461538464,0.9230769230769231,8,0.375,0.125,0.875,4,0.0,0.25,0.75
app.tujice.jergasColombia,ef6177e39b1d_llm_s3,12,446.942,0.9798657718120806,1.6109472817502046,45,0.8,0.17777777777777778,0.9777777777777777,13,0.38461538461538464,0.46153846153846156,0.9230769230769231,8,0.25,0.25,0.875,4,0.0,0.25,0.75
app.tujice.jergasColombia,ef6177e39b1d_llm_s4,9,449.955,0.9844444444444445,1.2001200120012,45,0.8666666666666667,0.1111111111111111,0.9777777777777777,13,0.5384615384615384,0.38461538461538464,0.9230769230769231,8,0.5,0.125,0.875,4,0.0,0.25,0.75
app.tujice.jergasColombia,ef6177e39b1d_llm_s5,11,450.717,0.9822616407982262,1.4643334952974927,46,0.8260869565217391,0.15217391304347827,0.9782608695652174,13,0.46153846153846156,0.38461538461538464,0.9230769230769231,8,0.25,0.375,0.875,4,0.0,0.25,0.75
app.tujice.jergasColombia,ef6177e39b1d_llm_s6,11,462.067,0.9826839826839827,1.428364284833152,47,0.8297872340425532,0.14893617021276595,0.9787234042553191,14,0.5,0.35714285714285715,0.9285714285714286,8,0.25,0.375,0.875,4,0.0,0.25,0.75
app.tujice.jergasColombia,ef6177e39b1d_llm_s7,10,450.883,0.9844789356984479,1.3307221607379298,46,0.8478260869565217,0.13043478260869565,0.9782608695652174,13,0.5384615384615384,0.3076923076923077,0.9230769230769231,8,0.375,0.25,0.875,4,0.0,0.25,0.75
app.tujice.jergasColombia,ef6177e39b1d_llm_s8,12,456.007,0.9802631578947368,1.578923130565978,46,0.8043478260869565,0.17391304347826086,0.9782608695652174,14,0.42857142857142855,0.42857142857142855,0.9285714285714286,8,0.25,0.25,0.875,4,0.0,0.25,0.75
app.tujice.jergasColombia,ef6177e39b1d_llm_s9,12,455.789,0.9802631578947368,1.579678316062915,46,0.8043478260869565,0.17391304347826086,0.9782608695652174,14,0.42857142857142855,0.42857142857142855,0.9285714285714286,8,0.25,0.25,0.875,4,0.0,0.25,0.75
app.udderance,2074fc55fb78_llm_s1,170,449.603,0.9377777777777778,22.686681361111916,45,0.6,0.044444444444444446,0.6666666666666666,13,0.23076923076923078,0.07692307692307693,0.3076923076923077,8,0.25,0.125,0.375,4,0.0,0.25,0.25
app.udderance,2074fc55fb78_llm_s2,169,452.15,0.9337748344370861,22.42618600022117,46,0.5869565217391305,0.021739130434782608,0.6521739130434783,13,0.23076923076923078,0.07692307692307693,0.3076923076923077,8,0.25,0.125,0.375,4,0.0,0.25,0.25
app.udderance,2074fc55fb78_llm_s3,170,451.304,0.9247787610619469,22.60117348838034,46,0.6086956521739131,0.021739130434782608,0.6521739130434783,13,0.23076923076923078,0.07692307692307693,0.3076923076923077,8,0.25,0.125,0.375,4,0.0,0.25,0.25
at.linuxtage.Eventfahrplan,84bca8b5903c_llm_s1,49,457.04,0.982532751091703,6.432697356905304,46,0.8695652173913043,0.08695652173913043,0.9565217391304348,14,0.7142857142857143,0.21428571428571427,0.9285714285714286,8,0.5,0.375,0.875,4,0.5,0.0,0.75
at.linuxtage.Eventfahrplan,84bca8b5903c_llm_s2,49,467.557,0.9829059829059829,6.288003387822234,47,0.8723404255319149,0.0851063829787234,0.9574468085106383,14,0.7142857142857143,0.21428571428571427,0.9285714285714286,8,0.5,0.375,0.875,4,0.5,0.0,0.75
at.linuxtage.Eventfahrplan,84bca8b5903c_llm_s3,49,462.129,0.978401727861771,6.361860000129833,47,0.8723404255319149,0.0851063829787234,0.9574468085106383,14,0.7142857142857143,0.21428571428571427,0.9285714285714286,8,0.5,0.375,0.875,4,0.5,0.0,0.75
at.linuxtage.Eventfahrplan,84bca8b5903c_llm_s4,49,489.778,0.9469387755102041,6.002719599492014,49,0.6326530612244898,0.04081632653061224,1.0,14,0.5,0.14285714285714285,1.0,9,0.3333333333333333,0.2222222222222222,1.0,5,0.4,0.0,1.0
at.linuxtage.Eventfahrplan,84bca8b5903c_llm_s5,48,476.749,0.9454926624737946,6.040914611252461,48,0.625,0.020833333333333332,0.9791666666666666,14,0.5,0.07142857142857142,0.9285714285714286,8,0.25,0.125,0.875,4,0.25,0.0,0.75
at.linuxtage.Eventfahrplan,84bca8b5903c_llm_s6,48,456.376,0.9846827133479212,6.3105860080284675,46,0.8913043478260869,0.06521739130434782,0.9565217391304348,14,0.7142857142857143,0.21428571428571427,0.9285714285714286,8,0.5,0.375,0.875,4,0.5,0.0,0.75
at.linuxtage.Eventfahrplan,84bca8b5903c_llm_s7,47,463.126,0.9827586206896551,6.089055678152382,47,0.8936170212765957,0.06382978723404255,0.9574468085106383,14,0.7142857142857143,0.21428571428571427,0.9285714285714286,8,0.5,0.375,0.875,4,0.5,0.0,0.75
at.linuxtage.Eventfahrplan,84bca8b5903c_llm_s8,48,463.356,0.9870689655172413,6.21552326936524,47,0.8936170212765957,0.06382978723404255,0.9574468085106383,14,0.7142857142857143,0.21428571428571427,0.9285714285714286,8,0.5,0.375,0.875,4,0.5,0.0,0.75
at.linuxtage.Eventfahrplan,84bca8b5903c_llm_s9,46,454.274,0.9824175824175824,6.075628365259733,46,0.8913043478260869,0.06521739130434782,0.9565217391304348,13,0.6923076923076923,0.23076923076923078,0.9230769230769231,8,0.5,0.375,0.875,4,0.5,0.0,0.75
at.manuelbichler.octalsuntime,fe47baf78790_llm_s1,48,451.109,0.9800884955752213,6.384266330310413,46,0.8260869565217391,0.0,1.0,13,0.46153846153846156,0.0,0.9230769230769231,8,0.125,0.0,0.875,4,0.0,0.0,0.5
at.manuelbichler.octalsuntime,fe47baf78790_llm_s2,48,450.355,0.9800443458980045,6.394955090983779,46,0.8260869565217391,0.0,1.0,13,0.46153846153846156,0.0,0.9230769230769231,8,0.125,0.0,0.875,4,0.0,0.0,0.5
at.manuelbichler.octalsuntime,fe47baf78790_llm_s3,48,450.359,0.9800443458980045,6.394898292251293,46,0.8260869565217391,0.0,1.0,13,0.46153846153846156,0.0,0.9230769230769231,8,0.125,0.0,0.875,4,0.0,0.0,0.5
at.mikenet.serbianlatintocyrillic,4b633ea030db_llm_s3,34,469.522,0.9723404255319149,4.344844331043061,47,0.851063829787234,0.0425531914893617,0.9361702127659575,14,0.5,0.14285714285714285,0.7857142857142857,8,0.25,0.25,0.625,4,0.25,0.0,0.25
at.mikenet.serbianlatintocyrillic,4b633ea030db_llm_s2,35,471.692,0.9745762711864406,4.452057698667775,48,0.8333333333333334,0.0625,0.9375,14,0.42857142857142855,0.21428571428571427,0.7857142857142857,8,0.125,0.375,0.625,4,0.0,0.25,0.25
at.mikenet.serbianlatintocyrillic,4b633ea030db_llm_s3,36,463.745,0.9698275862068966,4.657732158837292,47,0.8297872340425532,0.06382978723404255,0.9361702127659575,14,0.42857142857142855,0.21428571428571427,0.7857142857142857,8,0.125,0.375,0.625,4,0.0,0.25,0.25
at.mikenet.serbianlatintocyrillic,4b633ea030db_llm_s5,37,471.314,0.9703389830508474,4.71023563908562,48,0.7916666666666666,0.08333333333333333,0.9375,14,0.35714285714285715,0.2857142857142857,0.7857142857142857,8,0.0,0.5,0.625,4,0.0,0.0,0.25
at.mikenet.serbianlatintocyrillic,4b633ea030db_llm_s7,35,470.827,0.9745222929936306,4.46023698725859,48,0.8333333333333334,0.0625,0.9583333333333334,14,0.42857142857142855,0.21428571428571427,0.8571428571428571,8,0.125,0.375,0.75,4,0.0,0.25,0.25
at.tomtasche.reader,407b766fceb3_llm_s1,3,466.049,0.9935760171306209,0.386225482728211,47,0.9361702127659575,0.06382978723404255,1.0,14,0.7857142857142857,0.21428571428571427,1.0,8,0.625,0.375,1.0,4,0.5,0.25,0.75
at.tomtasche.reader,407b766fceb3_llm_s2,3,465.65,0.9935622317596566,0.3865564265005906,47,0.9361702127659575,0.06382978723404255,1.0,14,0.7857142857142857,0.21428571428571427,1.0,8,0.625,0.375,1.0,4,0.5,0.25,0.75
at.tomtasche.reader,407b766fceb3_llm_s3,3,453.403,0.9933920704845814,0.39699781430647785,46,0.9347826086956522,0.06521739130434782,1.0,13,0.7692307692307693,0.23076923076923078,1.0,8,0.625,0.375,1.0,4,0.5,0.25,0.75
au.com.wallaceit.reddinator,c3751de467a1_llm_s1,45,445.756,0.9753363228699552,6.05712542287709,45,0.8,0.044444444444444446,0.9333333333333333,13,0.5384615384615384,0.07692307692307693,0.7692307692307693,8,0.25,0.125,0.625,4,0.0,0.0,0.0
au.com.wallaceit.reddinator,c3751de467a1_llm_s2,46,455.549,0.9736842105263158,6.058623770439624,46,0.782608695652174,0.043478260869565216,0.9347826086956522,14,0.5,0.07142857142857142,0.7857142857142857,8,0.25,0.0,0.5,4,0.0,0.0,0.0
au.com.wallaceit.reddinator,c3751de467a1_llm_s3,47,455.561,0.9736842105263158,6.190169922359465,46,0.782608695652174,0.043478260869565216,0.9347826086956522,14,0.5714285714285714,0.07142857142857142,0.7857142857142857,8,0.25,0.125,0.625,4,0.0,0.0,0.0
au.com.wallaceit.reddinator,c3751de467a1_llm_s4,51,450.16,0.9689578713968958,6.7975830815709966,46,0.7391304347826086,0.043478260869565216,0.8260869565217391,13,0.38461538461538464,0.15384615384615385,0.6153846153846154,8,0.25,0.125,0.375,4,0.0,0.0,0.0
au.com.wallaceit.reddinator,c3751de467a1_llm_s5,113,464.242,0.8989247311827957,14.6044519884026,47,0.48936170212765956,0.14893617021276595,0.6382978723404256,14,0.14285714285714285,0.35714285714285715,0.5,8,0.0,0.375,0.5,4,0.0,0.0,0.25
au.com.wallaceit.reddinator,c3751de467a1_llm_s6,47,448.706,0.9732739420935412,6.284738782187,45,0.7777777777777778,0.044444444444444446,0.9333333333333333,13,0.46153846153846156,0.0,0.6923076923076923,8,0.375,0.0,0.5,4,0.0,0.0,0.0
au.com.wallaceit.reddinator,c3751de467a1_llm_s7,45,450.932,0.975609756097561,5.987599017146709,46,0.8043478260869565,0.043478260869565216,0.9347826086956522,13,0.5384615384615384,0.0,0.6923076923076923,8,0.375,0.125,0.625,4,0.0,0.0,0.0
au.com.wallaceit.reddinator,c3751de467a1_llm_s8,47,460.11,0.9739696312364425,6.128969159548804,47,0.7872340425531915,0.0425531914893617,0.9361702127659575,14,0.5714285714285714,0.07142857142857142,0.7857142857142857,8,0.375,0.125,0.625,4,0.0,0.0,0.0
au.com.wallaceit.reddinator,c3751de467a1_llm_s9,45,457.42,0.9781659388646288,5.9026715053998515,46,0.8043478260869565,0.043478260869565216,0.9347826086956522,14,0.5714285714285714,0.0,0.7142857142857143,8,0.375,0.125,0.625,4,0.0,0.0,0.0
barilyuk.batterytemperature,75dd71ae0f0a_llm_s1,692,458.094,0.1263616557734205,90.63641959947086,46,0.06521739130434782,0.0,0.782608695652174,14,0.0,0.0,0.35714285714285715,8,0.0,0.0,0.375,4,0.0,0.0,0.0
barilyuk.batterytemperature,75dd71ae0f0a_llm_s2,696,462.151,0.1511879049676026,90.36007711765203,47,0.06382978723404255,0.02127659574468085,0.7872340425531915,14,0.0,0.0,0.42857142857142855,8,0.0,0.0,0.375,4,0.0,0.0,0.0
barilyuk.batterytemperature,75dd71ae0f0a_llm_s3,703,458.287,0.1612200435729847,92.03839515412831,46,0.06521739130434782,0.0,0.7608695652173914,14,0.0,0.0,0.42857142857142855,8,0.0,0.0,0.25,4,0.0,0.0,0.0
barilyuk.batterytemperature,75dd71ae0f0a_llm_s4,710,458.058,0.15283842794759828,93.00132297656629,46,0.06521739130434782,0.0,0.6956521739130435,14,0.0,0.07142857142857142,0.35714285714285715,8,0.0,0.0,0.25,4,0.0,0.0,0.0
barilyuk.batterytemperature,75dd71ae0f0a_llm_s5,704,473.79,0.14345991561181437,89.15342240233014,48,0.0625,0.0,0.7708333333333334,14,0.07142857142857142,0.0,0.5714285714285714,8,0.0,0.0,0.25,4,0.0,0.0,0.0
barilyuk.batterytemperature,75dd71ae0f0a_llm_s6,711,455.727,0.13596491228070173,93.60867361380828,46,0.06521739130434782,0.0,0.6956521739130435,14,0.07142857142857142,0.0,0.35714285714285715,8,0.0,0.0,0.25,4,0.0,0.0,0.0
barilyuk.batterytemperature,75dd71ae0f0a_llm_s7,701,464.182,0.16129032258064513,90.61101033646285,47,0.06382978723404255,0.0,0.7872340425531915,14,0.0,0.0,0.35714285714285715,8,0.0,0.0,0.375,4,0.0,0.0,0.0
barilyuk.batterytemperature,75dd71ae0f0a_llm_s8,698,464.12,0.1483870967741936,90.23528397828149,47,0.06382978723404255,0.0,0.7659574468085106,14,0.0,0.0,0.35714285714285715,8,0.0,0.0,0.375,4,0.0,0.0,0.0
barilyuk.batterytemperature,75dd71ae0f0a_llm_s9,725,464.427,0.16129032258064513,93.66380507593227,47,0.06382978723404255,0.0,0.6808510638297872,14,0.0,0.0,0.35714285714285715,8,0.0,0.0,0.25,4,0.0,0.0,0.0
be.digitalia.fosdem,37b1a8bb28b9_llm_s1,46,455.115,0.9495614035087719,6.064401305164629,46,0.6521739130434783,0.10869565217391304,0.9130434782608695,14,0.2857142857142857,0.0,0.5714285714285714,8,0.125,0.125,0.5,4,0.0,0.0,0.0
be.digitalia.fosdem,37b1a8bb28b9_llm_s2,56,467.747,0.9358974358974359,7.183370497298753,47,0.6595744680851063,0.06382978723404255,0.8723404255319149,14,0.21428571428571427,0.0,0.5714285714285714,8,0.125,0.0,0.375,4,0.0,0.0,0.0
be.digitalia.fosdem,37b1a8bb28b9_llm_s3,44,475.722,0.9516806722689075,5.549459558313469,48,0.6875,0.125,0.9583333333333334,14,0.35714285714285715,0.07142857142857142,0.7142857142857143,8,0.375,0.0,0.5,4,0.0,0.0,0.0
be.digitalia.fosdem,37b1a8bb28b9_llm_s4,16,464.678,0.9806451612903225,2.0659467416146233,47,0.851063829787234,0.06382978723404255,0.9361702127659575,14,0.5714285714285714,0.14285714285714285,0.7142857142857143,8,0.375,0.125,0.5,4,0.25,0.0,0.25
be.digitalia.fosdem,37b1a8bb28b9_llm_s5,56,450.53,0.975609756097561,7.457882937873173,46,0.8260869565217391,0.08695652173913043,0.9130434782608695,13,0.46153846153846156,0.15384615384615385,0.6923076923076923,8,0.125,0.25,0.5,4,0.0,0.0,0.0
be.digitalia.fosdem,37b1a8bb28b9_llm_s6,50,458.665,0.9477124183006536,6.5407214415750055,46,0.6521739130434783,0.08695652173913043,0.9130434782608695,14,0.2857142857142857,0.07142857142857142,0.7142857142857143,8,0.125,0.125,0.5,4,0.0,0.25,0.25
be.digitalia.fosdem,37b1a8bb28b9_llm_s7,52,468.617,0.9381663113006397,6.657889065057392,47,0.6382978723404256,0.0851063829787234,0.8936170212765957,14,0.2857142857142857,0.07142857142857142,0.7142857142857143,8,0.125,0.125,0.5,4,0.0,0.25,0.25
be.digitalia.fosdem,37b1a8bb28b9_llm_s8,52,458.871,0.9433551198257081,6.799296534320103,46,0.6521739130434783,0.06521739130434782,0.8913043478260869,14,0.2857142857142857,0.07142857142857142,0.7142857142857143,8,0.25,0.125,0.625,4,0.0,0.25,0.25
be.humanoids.webthingify,4bb0adc701ab_llm_s1,7,454.162,0.9846153846153847,0.9247801445299255,46,0.8913043478260869,0.06521739130434782,1.0,13,0.7692307692307693,0.15384615384615385,1.0,8,0.625,0.125,1.0,4,0.5,0.25,1.0
be.mygod.vpnhotspot_foss,a72518537ed0_llm_s1,1674,461.938,0.17965367965367962,217.43177655875897,47,0.0851063829787234,0.0,0.0851063829787234,14,0.0,0.0,0.0,8,0.0,0.0,0.0,4,0.0,0.0,0.0
be.mygod.vpnhotspot_foss,a72518537ed0_llm_s2,1691,462.653,0.18142548596112307,219.30042602122973,47,0.0425531914893617,0.0,0.0425531914893617,14,0.0,0.0,0.0,8,0.0,0.0,0.0,4,0.0,0.0,0.0
be.mygod.vpnhotspot_foss,a72518537ed0_llm_s3,1657,453.601,0.18502202643171806,219.17941098013452,46,0.043478260869565216,0.0,0.043478260869565216,13,0.0,0.0,0.0,8,0.0,0.0,0.0,4,0.0,0.0,0.0
be.mygod.vpnhotspot_foss,a72518537ed0_llm_s4,1696,472.999,0.19238900634249467,215.13787555576226,48,0.041666666666666664,0.0,0.041666666666666664,14,0.0,0.0,0.0,8,0.0,0.0,0.0,4,0.0,0.0,0.0
be.mygod.vpnhotspot_foss,a72518537ed0_llm_s5,1696,470.364,0.18259023354564752,216.3430874811848,48,0.0625,0.0,0.0625,14,0.0,0.0,0.0,8,0.0,0.0,0.0,4,0.0,0.0,0.0
be.mygod.vpnhotspot_foss,a72518537ed0_llm_s6,1673,472.745,0.20295983086680758,212.3343451543644,48,0.0625,0.0,0.0625,14,0.0,0.0,0.0,8,0.0,0.0,0.0,4,0.0,0.0,0.0
be.mygod.vpnhotspot_foss,a72518537ed0_llm_s7,1717,463.021,0.17062634989200864,222.4953079881906,47,0.06382978723404255,0.0,0.06382978723404255,14,0.0,0.0,0.0,8,0.0,0.0,0.0,4,0.0,0.0,0.0
be.mygod.vpnhotspot_foss,a72518537ed0_llm_s8,1693,471.909,0.19703389830508478,215.25336452578782,48,0.0625,0.0,0.0625,14,0.0,0.0,0.0,8,0.0,0.0,0.0,4,0.0,0.0,0.0
biz.binarysolutions.mindfulnessmeditation,fba1483a8a4d_llm_s1,10,481.002,0.991701244813278,1.2473960607232402,49,0.9183673469387755,0.04081632653061224,0.9591836734693877,14,0.7142857142857143,0.14285714285714285,0.8571428571428571,9,0.5555555555555556,0.2222222222222222,0.7777777777777778,5,0.6,0.0,0.6
biz.binarysolutions.mindfulnessmeditation,fba1483a8a4d_llm_s2,10,478.362,0.9916492693110647,1.2542802312892745,48,0.9166666666666666,0.041666666666666664,0.9583333333333334,14,0.7142857142857143,0.14285714285714285,0.8571428571428571,8,0.5,0.25,0.75,4,0.5,0.0,0.5
biz.binarysolutions.mindfulnessmeditation,fba1483a8a4d_llm_s3,10,478.092,0.9916492693110647,1.2549885796039257,48,0.9166666666666666,0.041666666666666664,0.9583333333333334,14,0.7142857142857143,0.14285714285714285,0.8571428571428571,8,0.5,0.25,0.75,4,0.5,0.0,0.5
biz.binarysolutions.mindfulnessmeditation,fba1483a8a4d_llm_s6,10,466.773,0.9892933618843683,1.2854213932682481,47,0.9148936170212766,0.0425531914893617,0.9574468085106383,14,0.7142857142857143,0.14285714285714285,0.8571428571428571,8,0.5,0.25,0.75,4,0.5,0.0,0.5
biz.binarysolutions.mindfulnessmeditation,fba1483a8a4d_llm_s7,10,462.067,0.9913419913419913,1.2985129862119562,47,0.9148936170212766,0.0425531914893617,0.9574468085106383,14,0.7142857142857143,0.14285714285714285,0.8571428571428571,8,0.5,0.25,0.75,4,0.5,0.0,0.5
biz.binarysolutions.mindfulnessmeditation,fba1483a8a4d_llm_s8,10,483.387,0.9917355371900827,1.241241489738036,49,0.9183673469387755,0.04081632653061224,0.9591836734693877,14,0.7142857142857143,0.14285714285714285,0.8571428571428571,9,0.5555555555555556,0.2222222222222222,0.7777777777777778,5,0.6,0.0,0.6
biz.binarysolutions.stress,a79d40377e87_llm_s1,4,449.798,0.9911111111111112,0.5335728482563283,45,0.9111111111111111,0.08888888888888889,1.0,13,0.6923076923076923,0.3076923076923077,1.0,8,0.5,0.5,1.0,4,0.5,0.0,0.5
biz.binarysolutions.stress,a79d40377e87_llm_s2,4,453.774,0.9911894273127754,0.5288976450832352,46,0.9130434782608695,0.08695652173913043,1.0,13,0.6923076923076923,0.3076923076923077,1.0,8,0.5,0.5,1.0,4,0.5,0.0,0.5
biz.binarysolutions.stress,a79d40377e87_llm_s3,4,451.151,0.9911504424778761,0.5319726654712059,46,0.9130434782608695,0.08695652173913043,1.0,13,0.6923076923076923,0.3076923076923077,1.0,8,0.5,0.5,1.0,4,0.5,0.0,0.5
biz.binarysolutions.vatcalculator,bec3b8076c0f_llm_s1,10,462.368,0.9913606911447084,1.2976676586614992,47,0.9148936170212766,0.0425531914893617,0.9574468085106383,14,0.7142857142857143,0.14285714285714285,0.8571428571428571,8,0.5,0.25,0.75,4,0.5,0.0,0.5
biz.binarysolutions.vatcalculator,bec3b8076c0f_llm_s2,10,459.271,0.991304347826087,1.3064182149536983,46,0.9130434782608695,0.043478260869565216,0.9565217391304348,14,0.7142857142857143,0.14285714285714285,0.8571428571428571,8,0.5,0.25,0.75,4,0.5,0.0,0.5
biz.binarysolutions.vatcalculator,bec3b8076c0f_llm_s3,10,462.018,0.9892008639308856,1.2986507019207045,47,0.9148936170212766,0.0425531914893617,0.9574468085106383,14,0.7142857142857143,0.14285714285714285,0.8571428571428571,8,0.5,0.25,0.75,4,0.5,0.0,0.5
biz.binarysolutions.vatcalculator,bec3b8076c0f_llm_s4,10,447.461,0.9910714285714286,1.3408989833750873,45,0.9111111111111111,0.044444444444444446,0.9555555555555556,13,0.6923076923076923,0.15384615384615385,0.8461538461538461,8,0.5,0.25,0.75,4,0.5,0.0,0.5
biz.binarysolutions.vatcalculator,bec3b8076c0f_llm_s5,10,450.133,0.991130820399113,1.3329393756956278,46,0.9130434782608695,0.043478260869565216,0.9565217391304348,13,0.6923076923076923,0.15384615384615385,0.8461538461538461,8,0.5,0.25,0.75,4,0.5,0.0,0.5
biz.binarysolutions.vatcalculator,bec3b8076c0f_llm_s6,10,447.656,0.9910714285714286,1.3403148846435655,45,0.9111111111111111,0.044444444444444446,0.9555555555555556,13,0.6923076923076923,0.15384615384615385,0.8461538461538461,8,0.5,0.25,0.75,4,0.5,0.0,0.5
biz.binarysolutions.vatcalculator,bec3b8076c0f_llm_s7,10,481.222,0.991701244813278,1.2468257893446268,49,0.9183673469387755,0.04081632653061224,0.9591836734693877,14,0.7142857142857143,0.14285714285714285,0.8571428571428571,9,0.5555555555555556,0.2222222222222222,0.7777777777777778,5,0.6,0.0,0.6
biz.binarysolutions.vatcalculator,bec3b8076c0f_llm_s8,10,478.622,0.9916492693110647,1.253598873432479,48,0.9166666666666666,0.041666666666666664,0.9583333333333334,14,0.7142857142857143,0.14285714285714285,0.8571428571428571,8,0.5,0.25,0.75,4,0.5,0.0,0.5
bluepie.ad_silence,c134927f92ec_llm_s1,15,479.811,0.98125,1.87573857206275,48,0.8541666666666666,0.0625,0.9166666666666666,14,0.6428571428571429,0.14285714285714285,0.7857142857142857,8,0.375,0.25,0.625,4,0.0,0.5,0.5
bluepie.ad_silence,c134927f92ec_llm_s2,17,464.965,0.9806451612903225,2.193713505317605,47,0.851063829787234,0.02127659574468085,0.8723404255319149,14,0.6428571428571429,0.0,0.6428571428571429,8,0.375,0.0,0.375,4,0.25,0.0,0.25
bluepie.ad_silence,c134927f92ec_llm_s3,15,482.327,0.9813664596273292,1.865954010453489,49,0.8571428571428571,0.061224489795918366,0.9183673469387755,14,0.6428571428571429,0.14285714285714285,0.7857142857142857,9,0.4444444444444444,0.2222222222222222,0.6666666666666666,5,0.2,0.4,0.6
bluepie.ad_silence,c134927f92ec_llm_s4,15,489.653,0.9836734693877551,1.838036323682281,49,0.8775510204081632,0.02040816326530612,0.8979591836734694,14,0.7142857142857143,0.0,0.7142857142857143,9,0.5555555555555556,0.0,0.5555555555555556,5,0.4,0.0,0.4
bluepie.ad_silence,c134927f92ec_llm_s5,15,464.589,0.9827956989247312,1.9371961023614421,47,0.8723404255319149,0.02127659574468085,0.8936170212765957,14,0.7142857142857143,0.0,0.7142857142857143,8,0.5,0.0,0.5,4,0.0,0.0,0.0
bluepie.ad_silence,c134927f92ec_llm_s6,15,458.11,0.9825708061002179,1.9645936565453712,46,0.8695652173913043,0.021739130434782608,0.8913043478260869,14,0.7142857142857143,0.0,0.7142857142857143,8,0.5,0.0,0.5,4,0.25,0.0,0.25
bluepie.ad_silence,c134927f92ec_llm_s7,17,466.437,0.9807280513918629,2.1867904990384552,47,0.851063829787234,0.02127659574468085,0.8723404255319149,14,0.6428571428571429,0.0,0.6428571428571429,8,0.375,0.0,0.375,4,0.0,0.0,0.0
bluepie.ad_silence,c134927f92ec_llm_s8,15,456.142,0.9824945295404814,1.9730697896707603,46,0.8695652173913043,0.021739130434782608,0.8913043478260869,14,0.7142857142857143,0.0,0.7142857142857143,8,0.5,0.0,0.5,4,0.25,0.0,0.25
br.odb.knights,12a4c95ef388_llm_s1,388,448.541,0.9643652561247216,51.90160988627572,45,0.7111111111111111,0.1111111111111111,1.0,13,0.38461538461538464,0.3076923076923077,1.0,8,0.25,0.25,1.0,4,0.0,0.5,0.75
br.odb.knights,12a4c95ef388_llm_s2,388,449.702,0.9733333333333334,51.7676149983767,45,0.7333333333333333,0.08888888888888889,1.0,13,0.38461538461538464,0.3076923076923077,1.0,8,0.25,0.25,1.0,4,0.0,0.5,0.75
br.odb.knights,12a4c95ef388_llm_s3,388,458.689,0.9738562091503268,50.753342678808515,46,0.7391304347826086,0.08695652173913043,1.0,14,0.42857142857142855,0.2857142857142857,1.0,8,0.25,0.25,1.0,4,0.0,0.5,0.75
btools.routingapp,ef0f40be1b94_llm_s1,71,460.9,0.9197396963123644,9.242785853764374,47,0.5106382978723404,0.1276595744680851,1.0,14,0.21428571428571427,0.21428571428571427,1.0,8,0.0,0.25,1.0,4,0.0,0.0,1.0
btools.routingapp,ef0f40be1b94_llm_s2,72,459.919,0.9152173913043479,9.39295832527032,46,0.4782608695652174,0.13043478260869565,1.0,14,0.21428571428571427,0.21428571428571427,1.0,8,0.0,0.25,1.0,4,0.0,0.0,1.0
btools.routingapp,ef0f40be1b94_llm_s3,68,462.891,0.9200863930885529,8.814170074596396,47,0.5106382978723404,0.14893617021276595,1.0,14,0.2857142857142857,0.21428571428571427,1.0,8,0.125,0.25,1.0,4,0.0,0.0,1.0
buet.rafi.dictionary,33f4266b15fd_llm_s1,5,484.979,0.9958762886597938,0.618583485058116,49,0.9591836734693877,0.02040816326530612,1.0,14,0.8571428571428571,0.07142857142857142,1.0,9,0.7777777777777778,0.1111111111111111,1.0,5,0.6,0.2,1.0
buet.rafi.dictionary,33f4266b15fd_llm_s2,5,485.223,0.9958847736625515,0.6182724231951082,49,0.9591836734693877,0.02040816326530612,1.0,14,0.8571428571428571,0.07142857142857142,1.0,9,0.7777777777777778,0.1111111111111111,1.0,5,0.6,0.2,1.0
buet.rafi.dictionary,33f4266b15fd_llm_s3,5,484.924,0.9958762886597938,0.6186536446948389,49,0.9591836734693877,0.02040816326530612,1.0,14,0.8571428571428571,0.07142857142857142,1.0,9,0.7777777777777778,0.1111111111111111,1.0,5,0.6,0.2,1.0
bus.chio.wishmaster,39f811f07c23_llm_s1,52,447.727,0.9888392857142857,6.968532163572892,45,0.8888888888888888,0.0,1.0,13,0.7692307692307693,0.0,0.9230769230769231,8,0.75,0.0,0.875,4,0.5,0.0,0.75
bus.chio.wishmaster,39f811f07c23_llm_s2,52,449.558,0.9888888888888889,6.9401501029900485,45,0.8888888888888888,0.0,1.0,13,0.7692307692307693,0.0,0.9230769230769231,8,0.75,0.0,0.875,4,0.5,0.0,0.75
bus.chio.wishmaster,39f811f07c23_llm_s3,52,451.58,0.9845132743362832,6.9090748040214365,46,0.8913043478260869,0.0,0.9782608695652174,13,0.7692307692307693,0.0,0.9230769230769231,8,0.75,0.0,0.875,4,0.5,0.0,0.75
bus.chio.wishmaster,39f811f07c23_llm_s4,52,456.184,0.9890590809628009,6.839345527243393,46,0.8913043478260869,0.0,1.0,14,0.7857142857142857,0.0,0.9285714285714286,8,0.75,0.0,0.875,4,0.5,0.0,0.75
bus.chio.wishmaster,39f811f07c23_llm_s5,52,450.515,0.9866962305986696,6.925407589092483,46,0.8913043478260869,0.0,1.0,13,0.7692307692307693,0.0,0.9230769230769231,8,0.75,0.0,0.875,4,0.5,0.0,0.75
bus.chio.wishmaster,39f811f07c23_llm_s6,52,475.888,0.9894957983193278,6.556164475674949,48,0.8958333333333334,0.0,1.0,14,0.7857142857142857,0.0,0.9285714285714286,8,0.75,0.0,0.875,4,0.5,0.0,0.75
bus.chio.wishmaster,39f811f07c23_llm_s7,52,469.155,0.9893617021276596,6.650254180388145,47,0.8936170212765957,0.0,1.0,14,0.7857142857142857,0.0,0.9285714285714286,8,0.75,0.0,0.875,4,0.5,0.0,0.75
bus.chio.wishmaster,39f811f07c23_llm_s8,52,463.114,0.9892241379310345,6.737002120428232,47,0.8936170212765957,0.0,1.0,14,0.7857142857142857,0.0,0.9285714285714286,8,0.75,0.0,0.875,4,0.5,0.0,0.75
ca.andries.portknocker,f54d6d05f299_llm_s1,4,457.681,0.9956331877729258,0.5243827032365338,46,0.9565217391304348,0.0,1.0,14,0.8571428571428571,0.0,1.0,8,0.75,0.0,1.0,4,0.5,0.0,1.0
ca.andries.portknocker,f54d6d05f299_llm_s2,4,473.039,0.9957805907172996,0.5073577442874689,48,0.9583333333333334,0.0,1.0,14,0.8571428571428571,0.0,1.0,8,0.75,0.0,1.0,4,0.5,0.0,1.0
ca.andries.portknocker,f54d6d05f299_llm_s3,4,458.186,0.9956427015250545,0.5238047430519484,46,0.9565217391304348,0.0,1.0,14,0.8571428571428571,0.0,1.0,8,0.75,0.0,1.0,4,0.5,0.0,1.0
ca.chancehorizon.paseo,e271584cf787_llm_s1,115,459.081,0.9586956521739131,15.030027380789011,46,0.717391304347826,0.021739130434782608,0.8260869565217391,14,0.35714285714285715,0.07142857142857142,0.5,8,0.125,0.125,0.375,4,0.0,0.0,0.0
ca.chancehorizon.paseo,e271584cf787_llm_s2,109,460.779,0.9609544468546638,14.193355165925531,47,0.7659574468085106,0.02127659574468085,0.8085106382978723,14,0.5,0.0,0.5714285714285714,8,0.25,0.0,0.25,4,0.0,0.0,0.0
ca.chancehorizon.paseo,e271584cf787_llm_s3,125,465.81,0.9592274678111588,16.100985380305275,47,0.7446808510638298,0.0425531914893617,0.8297872340425532,14,0.42857142857142855,0.07142857142857142,0.5714285714285714,8,0.125,0.25,0.375,4,0.0,0.0,0.0
ca.chancehorizon.paseo,e271584cf787_llm_s4,106,451.332,0.9690265486725663,14.091622131823136,46,0.782608695652174,0.021739130434782608,0.8913043478260869,13,0.38461538461538464,0.07692307692307693,0.6153846153846154,8,0.25,0.125,0.5,4,0.0,0.0,0.0
ca.chancehorizon.paseo,e271584cf787_llm_s5,91,454.374,0.9692307692307692,12.01653263611034,46,0.8043478260869565,0.021739130434782608,0.8695652173913043,13,0.46153846153846156,0.07692307692307693,0.5384615384615384,8,0.125,0.125,0.375,4,0.0,0.0,0.0
ca.chancehorizon.paseo,e271584cf787_llm_s6,88,466.536,0.9700214132762313,11.317454601574156,47,0.7872340425531915,0.02127659574468085,0.8723404255319149,14,0.5,0.07142857142857142,0.6428571428571429,8,0.25,0.125,0.5,4,0.0,0.0,0.0
ca.chancehorizon.paseo,e271584cf787_llm_s7,103,454.806,0.967032967032967,13.588211237318768,46,0.7608695652173914,0.043478260869565216,0.8260869565217391,13,0.38461538461538464,0.07692307692307693,0.46153846153846156,8,0.0,0.25,0.375,4,0.0,0.0,0.0
ca.chancehorizon.paseo,e271584cf787_llm_s8,88,458.462,0.9694989106753813,11.516766929429265,46,0.8043478260869565,0.021739130434782608,0.8913043478260869,14,0.42857142857142855,0.07142857142857142,0.6428571428571429,8,0.5,0.125,0.625,4,0.25,0.0,0.25
ca.farrelltonsolar.classic,2d767cdb301f_llm_s1,134,455.016,0.881578947368421,17.669708317949258,46,0.6521739130434783,0.0,0.6521739130434783,14,0.5714285714285714,0.0,0.5714285714285714,8,0.5,0.0,0.5,4,0.25,0.0,0.25
ca.farrelltonsolar.classic,2d767cdb301f_llm_s2,138,469.704,0.8808510638297873,17.628123243574677,47,0.6382978723404256,0.0,0.6382978723404256,14,0.5,0.0,0.5,8,0.375,0.0,0.375,4,0.0,0.0,0.0
ca.farrelltonsolar.classic,2d767cdb301f_llm_s3,130,455.535,0.881578947368421,17.122723830221606,46,0.6739130434782609,0.0,0.6739130434782609,14,0.6428571428571429,0.0,0.6428571428571429,8,0.625,0.0,0.625,4,0.5,0.0,0.5
ca.farrelltonsolar.classic,2d767cdb301f_llm_s4,154,449.098,0.8574610244988864,20.574573923731567,45,0.6222222222222222,0.0,0.6222222222222222,13,0.46153846153846156,0.0,0.46153846153846156,8,0.375,0.0,0.375,4,0.0,0.0,0.0
ca.farrelltonsolar.classic,2d767cdb301f_llm_s5,186,455.816,0.8355263157894737,24.483563543184093,46,0.4782608695652174,0.0,0.4782608695652174,14,0.21428571428571427,0.0,0.21428571428571427,8,0.25,0.0,0.25,4,0.0,0.0,0.0
ca.farrelltonsolar.classic,2d767cdb301f_llm_s6,170,457.896,0.8537117903930131,22.27580061848105,46,0.43478260869565216,0.0,0.43478260869565216,14,0.21428571428571427,0.0,0.21428571428571427,8,0.25,0.0,0.25,4,0.0,0.0,0.0
ca.farrelltonsolar.classic,2d767cdb301f_llm_s7,174,455.764,0.8530701754385965,22.906592008144564,46,0.41304347826086957,0.021739130434782608,0.45652173913043476,14,0.21428571428571427,0.0,0.21428571428571427,8,0.125,0.125,0.25,4,0.0,0.0,0.0
ca.farrelltonsolar.classic,2d767cdb301f_llm_s8,170,455.226,0.8508771929824561,22.406453058480842,46,0.41304347826086957,0.043478260869565216,0.5,14,0.21428571428571427,0.0,0.21428571428571427,8,0.125,0.0,0.125,4,0.0,0.0,0.0
ca.momi.lift,59ee61acbb1b_llm_s1,6,452.451,0.9955849889624724,0.7956662710437151,46,0.9565217391304348,0.0,1.0,13,0.8461538461538461,0.0,1.0,8,0.75,0.0,1.0,4,0.5,0.0,1.0
ca.momi.lift,59ee61acbb1b_llm_s2,6,459.003,0.9956521739130435,0.7843085992902008,46,0.9565217391304348,0.0,1.0,14,0.8571428571428571,0.0,1.0,8,0.75,0.0,1.0,4,0.5,0.0,1.0
ca.momi.lift,59ee61acbb1b_llm_s3,6,464.06,0.9956989247311828,0.7757617549454812,47,0.9574468085106383,0.0,1.0,14,0.8571428571428571,0.0,1.0,8,0.75,0.0,1.0,4,0.5,0.0,1.0
ca.ramzan.delist,12d9ef307c03_llm_s1,8,454.435,0.9956043956043956,1.0562566703709002,46,0.9565217391304348,0.0,1.0,13,0.8461538461538461,0.0,1.0,8,0.75,0.0,1.0,4,0.5,0.0,1.0
ca.ramzan.delist,12d9ef307c03_llm_s2,8,453.571,0.9955947136563876,1.0582687164743778,46,0.9565217391304348,0.0,1.0,13,0.8461538461538461,0.0,1.0,8,0.75,0.0,1.0,4,0.5,0.0,1.0
ca.ramzan.delist,12d9ef307c03_llm_s3,8,450.144,0.9955654101995566,1.0663254425250588,46,0.9565217391304348,0.0,1.0,13,0.8461538461538461,0.0,1.0,8,0.75,0.0,1.0,4,0.5,0.0,1.0
ca.rmen.android.frenchcalendar,5e76f97d0425_llm_s1,95,467.133,0.9572649572649573,12.202092337728228,47,0.723404255319149,0.02127659574468085,0.8297872340425532,14,0.5,0.0,0.5714285714285714,8,0.375,0.0,0.5,4,0.25,0.0,0.5
ca.rmen.android.frenchcalendar,5e76f97d0425_llm_s2,104,474.268,0.9536842105263158,13.157117916452302,48,0.6875,0.041666666666666664,0.8333333333333334,14,0.42857142857142855,0.0,0.6428571428571429,8,0.25,0.0,0.5,4,0.0,0.0,0.5
ca.rmen.android.frenchcalendar,5e76f97d0425_llm_s3,103,467.764,0.9529914529914529,13.211790561052155,47,0.7021276595744681,0.02127659574468085,0.8297872340425532,14,0.42857142857142855,0.0,0.6428571428571429,8,0.25,0.0,0.5,4,0.25,0.0,0.5
ca.rmen.android.frenchcalendar,5e76f97d0425_llm_s4,103,476.218,0.9538784067085954,12.977249914954916,48,0.7083333333333334,0.041666666666666664,0.8541666666666666,14,0.5,0.0,0.6428571428571429,8,0.25,0.0,0.5,4,0.0,0.0,0.5
ca.rmen.android.frenchcalendar,5e76f97d0425_llm_s5,103,469.842,0.9531914893617022,13.153357937349153,47,0.6595744680851063,0.06382978723404255,0.8723404255319149,14,0.5,0.0,0.6428571428571429,8,0.25,0.0,0.5,4,0.0,0.0,0.5
ca.rmen.android.frenchcalendar,5e76f97d0425_llm_s6,104,495.459,0.9536290322580645,12.594382178949218,50,0.68,0.08,0.88,15,0.5333333333333333,0.0,0.6,9,0.2222222222222222,0.1111111111111111,0.5555555555555556,5,0.2,0.0,0.4
ca.rmen.android.frenchcalendar,5e76f97d0425_llm_s7,103,481.473,0.9543568464730291,12.835610719604215,49,0.7142857142857143,0.04081632653061224,0.8571428571428571,14,0.5,0.0,0.6428571428571429,9,0.3333333333333333,0.0,0.5555555555555556,5,0.2,0.0,0.6
ca.rmen.android.frenchcalendar,5e76f97d0425_llm_s8,95,468.155,0.9573560767590619,12.175454710512545,47,0.723404255319149,0.02127659574468085,0.8297872340425532,14,0.5,0.0,0.6428571428571429,8,0.375,0.0,0.5,4,0.25,0.0,0.5
ca.rmen.android.scrumchatter,7603ad0544fe_llm_s1,151,475.873,0.9684873949579832,19.03869309668756,48,0.7916666666666666,0.0,0.875,14,0.42857142857142855,0.0,0.6428571428571429,8,0.375,0.0,0.625,4,0.25,0.0,0.25
ca.rmen.android.scrumchatter,7603ad0544fe_llm_s2,187,464.931,0.9591397849462365,24.132613226478767,47,0.723404255319149,0.0,0.8297872340425532,14,0.2857142857142857,0.0,0.5714285714285714,8,0.125,0.0,0.5,4,0.0,0.0,0.25
ca.rmen.android.scrumchatter,7603ad0544fe_llm_s3,186,470.034,0.9617834394904459,23.742963274997127,48,0.75,0.0,0.8333333333333334,14,0.2857142857142857,0.0,0.5714285714285714,8,0.125,0.0,0.5,4,0.0,0.0,0.25
ca.rmen.android.scrumchatter,7603ad0544fe_llm_s4,185,483.935,0.9545454545454546,22.93696467500801,49,0.7551020408163265,0.0,0.8775510204081632,14,0.2857142857142857,0.0,0.5714285714285714,9,0.3333333333333333,0.0,0.5555555555555556,5,0.2,0.0,0.2
ca.rmen.android.scrumchatter,7603ad0544fe_llm_s5,150,472.364,0.9682875264270613,19.053103115394062,48,0.8125,0.0,0.8958333333333334,14,0.5,0.0,0.6428571428571429,8,0.375,0.0,0.625,4,0.25,0.0,0.25
ca.rmen.android.scrumchatter,7603ad0544fe_llm_s6,185,470.948,0.9532908704883227,23.569481131674838,48,0.7083333333333334,0.0,0.8541666666666666,14,0.21428571428571427,0.0,0.5714285714285714,8,0.25,0.0,0.5,4,0.0,0.0,0.0
ca.rmen.android.scrumchatter,7603ad0544fe_llm_s7,185,455.329,0.9583333333333334,24.37797724282881,46,0.717391304347826,0.0,0.8478260869565217,14,0.2857142857142857,0.0,0.5714285714285714,8,0.25,0.0,0.5,4,0.0,0.0,0.0
ca.rmen.android.scrumchatter,7603ad0544fe_llm_s8,185,456.34,0.9518599562363238,24.32396897050445,46,0.6956521739130435,0.0,0.8695652173913043,14,0.2857142857142857,0.0,0.5714285714285714,8,0.25,0.0,0.5,4,0.0,0.0,0.0
ca.rmen.nounours,0e7da7b17b63_llm_s1,474,462.573,0.5248380129589633,61.48218767632353,47,0.2978723404255319,0.02127659574468085,0.9361702127659575,14,0.07142857142857142,0.0,0.7857142857142857,8,0.0,0.0,0.75,4,0.0,0.0,0.5
ca.rmen.nounours,0e7da7b17b63_llm_s2,661,467.075,0.4871794871794872,84.91141679601778,47,0.2553191489361702,0.0,0.9361702127659575,14,0.0,0.07142857142857142,0.7857142857142857,8,0.0,0.0,0.75,4,0.0,0.0,0.5
ca.rmen.nounours,0e7da7b17b63_llm_s3,498,466.047,0.49678800856531047,64.11370527006933,47,0.23404255319148937,0.0,0.9361702127659575,14,0.0,0.07142857142857142,0.7857142857142857,8,0.0,0.0,0.75,4,0.0,0.0,0.5
ca.rmen.nounours,0e7da7b17b63_llm_s4,498,480.81,0.5197505197505197,62.14513009296811,49,0.2653061224489796,0.0,0.9387755102040817,14,0.0,0.0,0.7857142857142857,9,0.1111111111111111,0.0,0.7777777777777778,5,0.2,0.0,0.6
ca.rmen.nounours,0e7da7b17b63_llm_s5,494,467.189,0.5363247863247863,63.44327456339939,47,0.3191489361702128,0.0,0.9361702127659575,14,0.07142857142857142,0.0,0.7857142857142857,8,0.0,0.0,0.75,4,0.0,0.0,0.5
ca.rmen.nounours,0e7da7b17b63_llm_s6,586,455.033,0.5076923076923077,77.26912114066452,46,0.2608695652173913,0.043478260869565216,0.9347826086956522,13,0.07692307692307693,0.0,0.7692307692307693,8,0.0,0.0,0.75,4,0.0,0.0,0.5
ca.rmen.nounours,0e7da7b17b63_llm_s7,503,462.945,0.5529157667386608,65.19132942358164,47,0.2978723404255319,0.0,0.9361702127659575,14,0.07142857142857142,0.0,0.7857142857142857,8,0.0,0.0,0.75,4,0.0,0.0,0.5
ca.rmen.nounours,0e7da7b17b63_llm_s8,507,455.27,0.5153508771929824,66.81749291629143,46,0.21739130434782608,0.021739130434782608,0.9347826086956522,14,0.14285714285714285,0.0,0.7857142857142857,8,0.125,0.0,0.75,4,0.0,0.0,0.5
cat.jordihernandez.cinecat,24e9101cdb34_llm_s1,42,476.977,0.9329140461215932,5.283273616966856,48,0.5833333333333334,0.125,0.9583333333333334,14,0.42857142857142855,0.14285714285714285,0.8571428571428571,8,0.25,0.25,0.75,4,0.0,0.5,0.5
cat.jordihernandez.cinecat,24e9101cdb34_llm_s2,42,479.877,0.9333333333333333,5.2513456573246895,48,0.6041666666666666,0.14583333333333334,0.9583333333333334,14,0.42857142857142855,0.14285714285714285,0.8571428571428571,8,0.25,0.25,0.75,4,0.0,0.5,0.5
cat.jordihernandez.cinecat,24e9101cdb34_llm_s3,42,479.787,0.9333333333333333,5.25233072175778,48,0.6041666666666666,0.14583333333333334,0.9583333333333334,14,0.42857142857142855,0.14285714285714285,0.8571428571428571,8,0.25,0.25,0.75,4,0.0,0.5,0.5
cat.jordihernandez.cinecat,24e9101cdb34_llm_s4,56,450.259,0.9290465631929047,7.462371657201744,46,0.5652173913043478,0.15217391304347827,0.9565217391304348,13,0.38461538461538464,0.15384615384615385,0.8461538461538461,8,0.25,0.25,0.75,4,0.0,0.5,0.5
cat.jordihernandez.cinecat,24e9101cdb34_llm_s5,58,454.332,0.9296703296703297,7.659596946726183,46,0.5652173913043478,0.15217391304347827,0.9565217391304348,13,0.38461538461538464,0.15384615384615385,0.8461538461538461,8,0.25,0.25,0.75,4,0.0,0.5,0.5
cat.jordihernandez.cinecat,24e9101cdb34_llm_s6,43,464.039,0.9288793103448276,5.559877510295471,47,0.574468085106383,0.14893617021276595,0.9361702127659575,14,0.42857142857142855,0.14285714285714285,0.8571428571428571,8,0.25,0.25,0.75,4,0.0,0.5,0.5
cat.jordihernandez.cinecat,24e9101cdb34_llm_s7,43,466.889,0.9293361884368309,5.525938713484361,47,0.574468085106383,0.14893617021276595,0.9361702127659575,14,0.42857142857142855,0.14285714285714285,0.8571428571428571,8,0.25,0.25,0.75,4,0.0,0.5,0.5
cat.jordihernandez.cinecat,24e9101cdb34_llm_s8,43,468.303,0.929637526652452,5.5092536242560906,47,0.574468085106383,0.1276595744680851,0.9361702127659575,14,0.42857142857142855,0.14285714285714285,0.8571428571428571,8,0.25,0.25,0.75,4,0.0,0.5,0.5
cc.kafuu.bilidownload,64de55f0293d_llm_s1,8,446.855,0.9910514541387024,1.0741739490438733,45,0.9333333333333333,0.044444444444444446,0.9777777777777777,13,0.8461538461538461,0.07692307692307693,0.9230769230769231,8,0.75,0.125,0.875,4,0.75,0.0,0.75
cc.kafuu.bilidownload,64de55f0293d_llm_s2,8,476.893,0.9916142557651991,1.0065150882902454,48,0.9375,0.041666666666666664,0.9791666666666666,14,0.8571428571428571,0.07142857142857142,0.9285714285714286,8,0.75,0.125,0.875,4,0.75,0.0,0.75
cc.kafuu.bilidownload,64de55f0293d_llm_s3,8,473.443,0.9915611814345991,1.013849608083761,48,0.9375,0.041666666666666664,0.9791666666666666,14,0.8571428571428571,0.07142857142857142,0.9285714285714286,8,0.75,0.125,0.875,4,0.75,0.0,0.75
cf.playhi.freezeyou,86b80fef253c_llm_s1,267,488.026,0.9325153374233128,32.82611991984034,49,0.5918367346938775,0.02040816326530612,0.9387755102040817,14,0.2857142857142857,0.07142857142857142,0.7857142857142857,9,0.3333333333333333,0.0,0.6666666666666666,5,0.2,0.0,0.4
cf.playhi.freezeyou,86b80fef253c_llm_s2,267,482.654,0.9296066252587991,33.191478781901736,49,0.5918367346938775,0.02040816326530612,0.9387755102040817,14,0.2857142857142857,0.07142857142857142,0.7857142857142857,9,0.3333333333333333,0.0,0.6666666666666666,5,0.2,0.0,0.4
cf.playhi.freezeyou,86b80fef253c_llm_s3,267,482.804,0.9296066252587991,33.18116668461737,49,0.5918367346938775,0.02040816326530612,0.9387755102040817,14,0.2857142857142857,0.07142857142857142,0.7857142857142857,9,0.3333333333333333,0.0,0.6666666666666666,5,0.2,0.0,0.4
cf.playhi.freezeyou,86b80fef253c_llm_s4,268,471.106,0.9322033898305084,34.13244577653437,48,0.5625,0.020833333333333332,0.9375,14,0.35714285714285715,0.07142857142857142,0.7857142857142857,8,0.25,0.0,0.625,4,0.0,0.0,0.25
cf.playhi.freezeyou,86b80fef253c_llm_s5,268,491.157,0.9288617886178862,32.73902234926918,50,0.56,0.02,0.94,15,0.4,0.06666666666666667,0.8,9,0.3333333333333333,0.0,0.6666666666666666,5,0.2,0.0,0.4
cf.playhi.freezeyou,86b80fef253c_llm_s6,268,481.813,0.9336099585062241,33.37394383298085,49,0.5510204081632653,0.02040816326530612,0.9387755102040817,14,0.35714285714285715,0.07142857142857142,0.7857142857142857,9,0.3333333333333333,0.0,0.6666666666666666,5,0.2,0.0,0.4
cf.playhi.freezeyou,86b80fef253c_llm_s7,268,480.129,0.9313929313929314,33.49099929393975,49,0.5918367346938775,0.02040816326530612,0.9387755102040817,14,0.2857142857142857,0.07142857142857142,0.7857142857142857,9,0.3333333333333333,0.0,0.6666666666666666,5,0.2,0.0,0.4
cf.playhi.freezeyou,86b80fef253c_llm_s8,268,456.191,0.9299781181619255,35.24839376489234,46,0.5652173913043478,0.021739130434782608,0.9347826086956522,14,0.35714285714285715,0.07142857142857142,0.7857142857142857,8,0.25,0.0,0.625,4,0.0,0.0,0.25
ch.abertschi.waterme.water_me,d42d78005adb_llm_s1,12,457.778,0.9847161572052402,1.5728147704782667,46,0.8913043478260869,0.021739130434782608,0.9782608695652174,14,0.7857142857142857,0.0,0.9285714285714286,8,0.75,0.0,0.875,4,0.5,0.0,0.75
ch.abertschi.waterme.water_me,d42d78005adb_llm_s3,12,483.7,0.9855371900826446,1.4885259458341948,49,0.8979591836734694,0.04081632653061224,0.9795918367346939,14,0.7857142857142857,0.0,0.9285714285714286,9,0.7777777777777778,0.0,0.8888888888888888,5,0.6,0.0,0.8
ch.abertschi.waterme.water_me,d42d78005adb_llm_s5,7,484.859,0.9917525773195877,0.8662312136105549,49,0.9183673469387755,0.02040816326530612,0.9795918367346939,14,0.7857142857142857,0.0,0.9285714285714286,9,0.7777777777777778,0.0,0.8888888888888888,5,0.6,0.0,0.8
ch.bubendorf.locusaddon.gsakdatabase,3eae0c6f3334_llm_s1,183,460.663,0.9587852494577006,23.83521142353521,47,0.723404255319149,0.0,1.0,14,0.35714285714285715,0.0,1.0,8,0.0,0.0,1.0,4,0.0,0.0,1.0
ch.hgdev.toposuite,05e3f19e2717_llm_s1,224,470.776,0.9235668789808917,28.548609104967117,48,0.6458333333333334,0.0625,0.9791666666666666,14,0.42857142857142855,0.21428571428571427,0.9285714285714286,8,0.0,0.25,0.875,4,0.0,0.0,0.75
ch.hgdev.toposuite,05e3f19e2717_llm_s3,224,465.037,0.9206008583690988,28.90092616286446,47,0.6170212765957447,0.10638297872340426,0.9787234042553191,14,0.35714285714285715,0.21428571428571427,0.9285714285714286,8,0.0,0.375,0.875,4,0.0,0.0,0.75
ch.hgdev.toposuite,05e3f19e2717_llm_s3,215,455.242,0.9254385964912281,28.336577029360207,46,0.6521739130434783,0.06521739130434782,1.0,14,0.42857142857142855,0.07142857142857142,0.9285714285714286,8,0.375,0.125,0.875,4,0.25,0.0,0.75
ch.hgdev.toposuite,05e3f19e2717_llm_s4,224,452.748,0.9183222958057395,29.68538789790347,46,0.6086956521739131,0.08695652173913043,1.0,13,0.3076923076923077,0.15384615384615385,0.9230769230769231,8,0.25,0.25,0.875,4,0.0,0.25,0.75
ch.hgdev.toposuite,05e3f19e2717_llm_s5,224,462.352,0.9244060475161987,29.06876146312766,47,0.6170212765957447,0.10638297872340426,0.9787234042553191,14,0.2857142857142857,0.21428571428571427,1.0,8,0.0,0.375,0.875,4,0.0,0.0,0.75
ch.hgdev.toposuite,05e3f19e2717_llm_s6,224,464.595,0.9225806451612903,28.928421528427982,47,0.6170212765957447,0.10638297872340426,0.9787234042553191,14,0.42857142857142855,0.14285714285714285,0.9285714285714286,8,0.125,0.375,0.875,4,0.0,0.25,0.75
ch.hgdev.toposuite,05e3f19e2717_llm_s7,308,465.114,0.8927038626609443,39.73219468775397,47,0.5106382978723404,0.10638297872340426,0.9574468085106383,14,0.2857142857142857,0.07142857142857142,0.8571428571428571,8,0.125,0.25,0.75,4,0.0,0.25,0.5
ch.joshuah.bibleverseapp,18aff8885c8c_llm_s1,74,463.16,0.9418103448275862,9.586320062181535,47,0.5106382978723404,0.2553191489361702,0.9787234042553191,14,0.14285714285714285,0.35714285714285715,0.9285714285714286,8,0.0,0.125,0.625,4,0.0,0.0,0.25
ch.joshuah.bibleverseapp,18aff8885c8c_llm_s2,74,455.845,0.9385964912280702,9.740152902850749,46,0.5,0.2608695652173913,0.9782608695652174,14,0.14285714285714285,0.35714285714285715,0.9285714285714286,8,0.0,0.0,0.625,4,0.0,0.0,0.5
ch.joshuah.bibleverseapp,18aff8885c8c_llm_s3,80,447.196,0.9352678571428571,10.7335486006136,45,0.4888888888888889,0.24444444444444444,0.9777777777777777,13,0.07692307692307693,0.3076923076923077,0.8461538461538461,8,0.0,0.125,0.75,4,0.0,0.0,0.5
ch.joshuah.bibleverseapp,18aff8885c8c_llm_s4,75,454.9,0.9362637362637363,9.892284018465597,46,0.5,0.2608695652173913,0.9782608695652174,13,0.07692307692307693,0.38461538461538464,0.8461538461538461,8,0.0,0.25,0.75,4,0.0,0.0,0.5
ch.joshuah.bibleverseapp,18aff8885c8c_llm_s5,75,446.881,0.9351230425055929,10.069794867089897,45,0.4888888888888889,0.26666666666666666,0.9777777777777777,13,0.07692307692307693,0.38461538461538464,0.8461538461538461,8,0.0,0.25,0.75,4,0.0,0.0,0.5
ch.joshuah.bibleverseapp,18aff8885c8c_llm_s6,75,456.031,0.9364035087719298,9.86775021873513,46,0.5434782608695652,0.21739130434782608,0.9782608695652174,14,0.21428571428571427,0.2857142857142857,0.8571428571428571,8,0.0,0.25,0.625,4,0.0,0.0,0.25
ch.joshuah.bibleverseapp,18aff8885c8c_llm_s7,80,451.512,0.9314159292035398,10.630946685802371,46,0.4782608695652174,0.2391304347826087,0.9782608695652174,13,0.07692307692307693,0.3076923076923077,0.9230769230769231,8,0.0,0.125,0.75,4,0.0,0.0,0.5
ch.joshuah.bibleverseapp,18aff8885c8c_llm_s8,74,445.996,0.9394618834080718,9.955246235392245,45,0.5333333333333333,0.2222222222222222,0.9777777777777777,13,0.15384615384615385,0.3076923076923077,0.9230769230769231,8,0.0,0.25,0.75,4,0.0,0.0,0.25
ch.mydoli.focal,bbf18ac3b134_llm_s1,59,458.229,0.9607843137254902,7.725394944449173,46,0.7391304347826086,0.10869565217391304,0.9782608695652174,14,0.42857142857142855,0.14285714285714285,0.8571428571428571,8,0.125,0.375,0.875,4,0.0,0.25,0.75
ch.mydoli.focal,bbf18ac3b134_llm_s2,59,458.525,0.962962962962963,7.720407829453138,46,0.717391304347826,0.13043478260869565,0.9782608695652174,14,0.42857142857142855,0.21428571428571427,0.8571428571428571,8,0.0,0.5,0.875,4,0.0,0.0,0.5
ch.mydoli.focal,bbf18ac3b134_llm_s3,59,454.425,0.9626373626373627,7.79006436705727,46,0.717391304347826,0.13043478260869565,0.9782608695652174,13,0.38461538461538464,0.23076923076923078,0.8461538461538461,8,0.0,0.5,0.875,4,0.0,0.0,0.5
ch.mydoli.focal,bbf18ac3b134_llm_s4,59,462.066,0.9632034632034632,7.661243199023517,47,0.723404255319149,0.14893617021276595,0.9787234042553191,14,0.42857142857142855,0.21428571428571427,0.8571428571428571,8,0.125,0.375,0.875,4,0.0,0.25,0.75
ch.mydoli.focal,bbf18ac3b134_llm_s5,58,446.357,0.9642058165548099,7.796449926852272,45,0.7333333333333333,0.13333333333333333,0.9777777777777777,13,0.46153846153846156,0.15384615384615385,0.8461538461538461,8,0.25,0.25,0.875,4,0.0,0.25,0.75
ch.mydoli.focal,bbf18ac3b134_llm_s6,50,446.128,0.9664429530201343,6.724527489868379,45,0.7777777777777778,0.1111111111111111,0.9777777777777777,13,0.46153846153846156,0.23076923076923078,0.8461538461538461,8,0.25,0.375,0.875,4,0.0,0.5,0.75
ch.mydoli.focal,bbf18ac3b134_llm_s7,58,449.485,0.9644444444444444,7.742193844065986,45,0.7111111111111111,0.17777777777777778,0.9777777777777777,13,0.38461538461538464,0.23076923076923078,0.8461538461538461,8,0.25,0.25,0.875,4,0.0,0.25,0.75
ch.mydoli.focal,bbf18ac3b134_llm_s8,50,640.648,0.9750390015600624,4.682758706809355,65,0.8153846153846154,0.1076923076923077,0.9846153846153847,19,0.631578947368421,0.15789473684210525,0.8947368421052632,11,0.45454545454545453,0.2727272727272727,0.9090909090909091,6,0.3333333333333333,0.3333333333333333,0.8333333333333334
cityfreqs.com.pilfershushjammer,c7c04de887f3_llm_s1,29,470.966,0.9490445859872612,3.6945342126607863,48,0.6458333333333334,0.20833333333333334,0.9166666666666666,14,0.5,0.07142857142857142,0.7857142857142857,8,0.375,0.0,0.5,4,0.25,0.0,0.25
cityfreqs.com.pilfershushjammer,c7c04de887f3_llm_s2,29,473.453,0.9535864978902954,3.6751272037562335,48,0.6458333333333334,0.20833333333333334,0.9166666666666666,14,0.5,0.07142857142857142,0.7857142857142857,8,0.375,0.0,0.5,4,0.25,0.0,0.25
cityfreqs.com.pilfershushjammer,c7c04de887f3_llm_s3,29,470.432,0.9511677282377919,3.698727977688592,48,0.6458333333333334,0.20833333333333334,0.9166666666666666,14,0.5,0.07142857142857142,0.7857142857142857,8,0.375,0.0,0.5,4,0.25,0.0,0.25
cityfreqs.com.pilfershushjammer,c7c04de887f3_llm_s4,29,469.788,0.951063829787234,3.7037983090244957,47,0.6170212765957447,0.2553191489361702,0.9361702127659575,14,0.5,0.07142857142857142,0.7857142857142857,8,0.375,0.0,0.625,4,0.25,0.0,0.25
cityfreqs.com.pilfershushjammer,c7c04de887f3_llm_s5,29,459.081,0.9477124183006536,3.7901808177641856,46,0.6086956521739131,0.2608695652173913,0.9347826086956522,14,0.5,0.07142857142857142,0.7857142857142857,8,0.375,0.0,0.625,4,0.25,0.0,0.25
cityfreqs.com.pilfershushjammer,c7c04de887f3_llm_s6,29,471.849,0.951271186440678,3.6876204039851737,48,0.625,0.2708333333333333,0.9375,14,0.5,0.07142857142857142,0.7857142857142857,8,0.375,0.0,0.625,4,0.25,0.0,0.25
cityfreqs.com.pilfershushjammer,c7c04de887f3_llm_s7,29,468.398,0.9488272921108742,3.7147895593064013,47,0.6170212765957447,0.2553191489361702,0.9361702127659575,14,0.5,0.07142857142857142,0.7857142857142857,8,0.375,0.0,0.625,4,0.25,0.0,0.25
cityfreqs.com.pilfershushjammer,c7c04de887f3_llm_s8,26,458.78,0.9498910675381264,3.400322594707703,46,0.6304347826086957,0.2608695652173913,0.9565217391304348,14,0.5714285714285714,0.07142857142857142,0.8571428571428571,8,0.5,0.0,0.75,4,0.5,0.0,0.5
cl.coders.faketraveler,fb32bae7e64d_llm_s1,558,458.052,0.8627450980392157,73.09213801053154,46,0.5652173913043478,0.021739130434782608,0.6304347826086957,14,0.35714285714285715,0.07142857142857142,0.5,8,0.125,0.125,0.375,4,0.0,0.25,0.25
cl.coders.faketraveler,fb32bae7e64d_llm_s2,558,455.311,0.8618421052631579,73.53215714094323,46,0.5217391304347826,0.021739130434782608,0.5869565217391305,14,0.35714285714285715,0.07142857142857142,0.5,8,0.25,0.125,0.375,4,0.0,0.25,0.25
cl.coders.faketraveler,fb32bae7e64d_llm_s3,558,451.595,0.8539823008849557,74.13722472569448,46,0.5217391304347826,0.021739130434782608,0.5869565217391305,13,0.3076923076923077,0.07692307692307693,0.46153846153846156,8,0.25,0.125,0.375,4,0.0,0.25,0.25
cl.coders.faketraveler,fb32bae7e64d_llm_s4,654,450.886,0.8314855875831486,87.02865025749301,46,0.4782608695652174,0.021739130434782608,0.5434782608695652,13,0.23076923076923078,0.0,0.23076923076923078,8,0.125,0.0,0.125,4,0.0,0.0,0.0
cl.coders.faketraveler,fb32bae7e64d_llm_s5,632,446.877,0.8277404921700224,84.85556428278922,45,0.4444444444444444,0.022222222222222223,0.5111111111111111,13,0.15384615384615385,0.07692307692307693,0.23076923076923078,8,0.125,0.0,0.125,4,0.0,0.0,0.0
cl.coders.faketraveler,fb32bae7e64d_llm_s6,558,459.836,0.8586956521739131,72.80856653241591,46,0.5652173913043478,0.021739130434782608,0.6086956521739131,14,0.42857142857142855,0.07142857142857142,0.5,8,0.25,0.125,0.375,4,0.0,0.25,0.25
cl.coders.faketraveler,fb32bae7e64d_llm_s7,584,447.037,0.8344519015659955,78.38277368539966,45,0.4888888888888889,0.0,0.5111111111111111,13,0.23076923076923078,0.0,0.23076923076923078,8,0.125,0.0,0.125,4,0.0,0.0,0.0
cl.coders.faketraveler,fb32bae7e64d_llm_s8,558,452.463,0.8587196467991169,73.99500069618952,46,0.5652173913043478,0.021739130434782608,0.6086956521739131,13,0.3076923076923077,0.07692307692307693,0.46153846153846156,8,0.125,0.125,0.375,4,0.0,0.25,0.25
